Product name,Category,SKU,Price CZK,Price EUR,Imp. Cost EUR,Imp. Cost CZK
4XC - 5in1,Đầu bào,DB-4XC-000001,180,8,4.11,106.81
M - nhỏ tròn,Đầu bào,DB-M-000002,180,8,2.77,72.02
XF - nhỏ,Đầu bào,DB-XF-000003,180,8,2.94,80.04
Sticker - 5D,Design,DES-STI-000004,40,2,0.63,16.91
Sticker - 3D,Design,DES-STI-000005,30,1.5,0.21,5.67
Sticker - 2D,Design,DES-STI-000006,25,1,0.26,7.05
Foil sticker,Design,DES-FOISTI-000007,100,8,0.88,23.57
Tips natur nhọn ngắn,Tips,TIP-TIPNAT-000008,290,10,1.05,26.68
Tips natur thẳng ngắn,Tips,TIP-TIPNAT-000009,290,10,1.43,36.45
Tips natur nhọn dài,Tips,TIP-TIPNAT-000010,290,10,1.42,36.01
Tips trong nhọn ngắn,Tips,TIP-TIPTRO-000011,290,10,1.20,30.59
Đá nhỏ 7mầu,Design,DES-DANHO-000012,90,3,0.82,20.83
Bút vẽ (1set=3c),Bút,BUT-BUTVE-000013,180,7,2.19,55.76
Hộp đựng móng (0-9),Tools & Accessories,TA-HOPDUN-000014,50,2,0.73,18.66
Cây fen - V shape,Tools & Accessories,TA-CAYFEN-000015,170,6,0.38,9.78
Cây fen - U shape,Tools & Accessories,TA-CAYFEN-000016,170,6,0.38,9.78
Mịn Fusion,Đầu bào,DB-MINFUS-000017,180,8,2.53,64.24
French A,Tools & Accessories,TA-FREA-000018,150,6,0.60,15.19
French B,Tools & Accessories,TA-FREB-000019,150,6,0.60,15.19
Sticker lửa,Design,DES-STILUA-000020,130,6,1.54,39.07
Bút vẽ 2 đầu - 7/11mm,Bút,BUT-BUTVE-000021,309,12,2.88,72.76
Chrome Red,Design,DES-CHRRED-000022,200,7,3.83,97.27
Sơn Ultra Black,Hoá chất,HC-SONULT-000023,200,7,3.72,94.58
Sơn Ultra White,Hoá chất,HC-SONULT-000024,200,7,3.72,94.58
Vỏ nhám tím ⌗60 - C,Tools & Accessories,TA-VONHA-000025,200,7,3.76,95.38
Bút fen,Bút,BUT-BUTFEN-000026,130,5,3.37,85.51
Bút ombre,Bút,BUT-BUTOMB-000027,130,5,3.39,85.95
Vỏ nhám trắng ⌗60 - C,Tools & Accessories,TA-VONHA-000028,200,7,0.97,24.62
Set sơn mầu vẽ 12 lọ,Hoá chất,HC-SETSON-000029,700,30,15.23,384.75
Đá kê sơn,Tools & Accessories,TA-DAKE-000030,70,3,3.00,3.00
Sticker Bướm,Design,DES-STIBUO-000031,40,1.5,0.85,21.12
Đá rắc 28g,Design,DES-DARAC-000032,160,8,1.23,30.57
Kê tay Silicon,Tools & Accessories,TA-KETAY-000033,160,8,1.63,40.45
Bút mực vẽ,Design,DES-BUTMUC-000034,100,5,0.90,22.33
5in1 Phá 2XC,Đầu bào,DB-5INPHA-000035,210,10,3.75,92.55
Bút đắp gel sz14,Bút,BUT-BUTDAP-000036,170,7,2.02,49.89
Tips thường gói 50c,Tips,TIP-TIPTHU-000037,15,0.6,0.50,15.00
Bút gel đỏ sz8,Bút,BUT-BUTGEL-000038,130,7,2.72,66.78
In French,Design,DES-INFRE-000039,130,5,0.70,17.29
Dao cắt fen,Tools & Accessories,TA-DAOCAT-000040,180,8,0.51,12.55
Sticker playboy,Design,DES-STIPLA-000041,30,1,0.36,8.99
Gold foil,Design,DES-GOLFOI-000042,300,15,1.12,27.72
Bút gel - tròn 10,Bút,BUT-BUTGEL-000043,150,6,2.54,62.82
Bút gel quét mầu - tròn 8,Bút,BUT-BUTGEL-000044,150,6,2.24,55.47
Set bào & vỏ mịn da chân,Đầu bào,DB-SETBAO-000045,200,8,2.50,61.78
Tips Vuông trong XXL,Tips,TIP-TIPVUO-000046,290,10,2.24,55.18
Bấm móng 777 Korea,Tools & Accessories,TA-BAMMON-000047,120,6,2.81,68.39
Sticker Halloween Phát sáng,Design,DES-STIHAL-000048,50,2,0.38,9.41
Top matte 15ml,Hoá chất,HC-TOPMAT-000049,250,10,1.92,47.32
Foil gel,Hoá chất,HC-FOIGEL-000050,250,10,2.02,49.76
Sticker Playboy,Design,DES-STIPLA-000051,30,1,0.44,10.73
Bình xịt ombre bột,Tools & Accessories,TA-BINXIT-000052,200,8,3.60,88.69
Tay giả mềm,Tools & Accessories,TA-TAYGIA-000053,250,10,3.60,88.69
Tay giả khớp,Tools & Accessories,TA-TAYGIA-000054,800,38,10.63,261.64
Bút Gradient,Bút,BUT-BUTGRA-000055,130,5,0.80,19.68
Đầu Chổi sắt,Đầu bào,DB-DAUCHO-000056,100,4,0.56,13.78
3in1 Mịn C - ngắn,Đầu bào,DB-3INMIN-000057,200,8,2.68,65.68
3XC ULTRA,Đầu bào,DB-3XCULT-000058,200,8,2.68,65.68
5XC - Titan,Đầu bào,DB-5XC-000059,300,12,3.74,91.75
Bào nhám Diamond nhỏ - M,Đầu bào,DB-BAONHA-000060,130,5,0.50,12.30
Bào nhám Diamond to - C,Đầu bào,DB-BAONHA-000061,130,5,1.50,36.90
Hoa 3D Design,Design,DES-HOA3D-000062,75,3,0.62,15.17
Sticker chữ,Design,DES-STICHU-000063,30,1,0.26,6.36
Tips Ballerina trong XXL,Tips,TIP-TIPBAL-000064,290,10,2.12,51.89
Tip ballerina ngắn 4/5/5/6,Tools & Accessories,TA-TIPBAL-000065,100,4,0.60,14.68
Tip trong nhọn 4/5/5/6,Tools & Accessories,TA-TIPTRO-000066,100,4,0.60,14.68
Lá Trái tim set,Design,DES-LATRA-000067,120,6,0.68,16.64
Bột màu 56g,Hoá chất,HC-BOTMAU-000068,300,12,1.84,45.28
Máy xịt ombre gel,Đồ điện,DD-MAYXIT-000069,1900,80,13.42,329.02
Sơn vẽ hũ Metallic 5g,Design,DES-SONVE-000070,120,5,1.55,37.97
Sơn vẽ hũ 5g,Design,DES-SONVE-000071,100,4,0.84,20.49
Cuticle oil 15ml,Hoá chất,HC-CUTOIL-000072,100,4,1.10,26.98
Gel vẽ màng nhện 5g,Design,DES-GELVE-000073,100,4,1.20,29.48
Nhám trắng M ⌗240 (1000c),Tools & Accessories,TA-NHATRA-000074,1000,40,8.83,214.47
Tips trong nhọn dài,Tips,TIP-TIPTRO-000075,290,10,1.37,33.36
Lẻ - Tip Trong nhọn,Tips,TIP-LE-000076,20,0.7,0.44,10.72
Bào Diamond Cuticle 2.5mm,Đầu bào,DB-BAODIA-000077,100,4,1.11,26.93
Sticker F Noel - 3D,Design,DES-STIF-000078,50,2,0.39,9.53
Sticker STZ Noel - 5D,Design,DES-STISTZ-000079,75,3,0.78,19.06
Kéo,Tools & Accessories,TA-KEO-000080,120,6,1.67,40.29
Máy Bào Btmarathon 3,Đồ điện,DD-MAYBAO-000081,3600,150,47.69,1153.38
Bút chấm bi set 5c,Tools & Accessories,TA-BUTCHA-000082,120,5,1.38,33.46
Cán dao cạo chân - hồng,Tools & Accessories,TA-CANDAO-000083,120,5,1.32,31.87
Đèn LED pin cầm tay,Đồ điện,DD-DENLED-000084,250,10,2.23,53.95
Khay inox,Tools & Accessories,TA-KHAINO-000085,150,6,1.90,45.98
Tay thay máy bào di động,Đồ điện,DD-TAYTHA-000086,900,35,12.87,317.44
Cây đẩy da inox japan,Tools & Accessories,TA-CAYDAY-000087,50,2,0.67,16.16
3XC Hoa cúc ULTRA,Đầu bào,DB-3XCHOA-000088,180,8,2.33,56.45
Bút quan tài,Bút,BUT-BUTQUA-000089,1500,60,30.31,732.96
Bút vẽ 2 đầu - 10/20mm,Bút,BUT-BUTVE-000090,309,12,2.78,67.15
Kéo - dài,Tools & Accessories,TA-KEO-000091,200,8,0.98,23.67
4XC - Titan,Đầu bào,DB-4XC-000092,300,12,3.46,83.22
4XC trục nhỏ,Đầu bào,DB-4XCTRU-000093,200,8,3.46,83.22
Vỏ nhám trắng M ⌗240 (100c),Tools & Accessories,TA-VONHA-000094,150,6,1.28,30.60
Găng tay Latex trắng - S,Tools & Accessories,TA-GANTAY-000095,200,8,3.49,83.76
Găng tay Latex trắng - M,Tools & Accessories,TA-GANTAY-000096,200,8,3.49,83.76
Chà chân 2 mặt,Tools & Accessories,TA-CHACHA-000097,25,1,0.60,14.30
Nước rửa cọ 120ml,Hoá chất,HC-NUORUA-000098,450,18,8.01,192.37
Bào gầm,Đầu bào,DB-BAOGAM-000099,180,8,0,63.81
Gel đính đá,Hoá chất,HC-GELDIN-000100,200,5,0.75,17.61
BNS keo,Hoá chất,HC-BNSKEO-000101,12,0.6,0.39,9.00
15ml top coat tím loãng,Top Coat,TC-15MTOP-000102,200,10,4.87,114.06
Tip Trong Vuông XXL - Lẻ,Tips,TIP-TIPTRO-000103,25,1,0.28,6.59
Chổi phủi bàn,Tools & Accessories,TA-CHOPHU-000104,180,8,4.14,98.49
Spa tablets 2gal 4000 viên,Hoá chất,HC-SPATAB-000105,4300,180,0,3484.17
Nhũ đường,Design,DES-NHUDUO-000106,250,10,2.86,68.14
Bút quan tài sz18,Bút,BUT-BUTQUA-000107,1300,53,20.02,481.26
Bút gel - vuông 10,Bút,BUT-BUTGEL-000108,150,6,2.43,58.35
Súng bào korea,Đồ điện,DD-SUNBAO-000109,350,15,4.75,114.10
XC,Đầu bào,DB-XC-000110,180,8,2.99,71.96
Bao ngón cái 500c,Tools & Accessories,TA-BAONGO-000111,100,4,2.09,50.14
Top coat 500ml,Top Coat,TC-TOPCOA-000112,2200,80,37.09,893.61
Chrome trắng gương 1g,Design,DES-CHRTRA-000113,120,10,4.82,118.18
Top matte 250ml,Hoá chất,HC-TOPMAT-000114,1200,50,13.17,317.23
Chà chân 1 lần 400c,Tools & Accessories,TA-CHACHA-000115,1300,55,21.74,532.49
Bào mịn Diamond - M,Đầu bào,DB-BAOMIN-000116,100,4,1.12,27.27
Mịn Fusion - C,Đầu bào,DB-MINFUS-000117,170,8,3.09,75.39
Mịn Fusion - F,Đầu bào,DB-MINFUS-000118,170,8,3.09,75.39
3XC răng thẳng,Đầu bào,DB-3XCRAN-000119,180,8,3.28,79.97
4XC răng thẳng,Đầu bào,DB-4XCRAN-000120,180,8,3.28,79.97
Trục nhám rẻ,Đầu bào,DB-TRUNHA-000121,50,2,0.37,8.94
Bút cán gỗ sz18,Bút,BUT-BUTCAN-000122,1300,53,20.41,497.91
Chrome liquid - ngọc trai,Design,DES-CHRLIQ-000123,120,5,2.42,58.91
Base coat 250ml,Hoá chất,HC-BASCOA-000124,1200,50,10.51,261.78
Top loang - Blooming gel 15ml,Hoá chất,HC-TOPLOA-000125,250,10,3.20,77.64
5in1 Pedicure kit xanh,Tools & Accessories,TA-5INPED-000126,1470,60,20.28,491.06
Buffer đen cam 3 mặt,Tools & Accessories,TA-BUFDEN-000127,12,0.5,0.42,10.12
Tip ballerina - lẻ,Tips,TIP-TIPBAL-000128,20,0.8,0.60,14.61
Kim tuyến DL10-18,Design,DES-KIMTUY-000129,250,10,2.39,57.79
Kim tuyến DL01-09,Design,DES-KIMTUY-000130,250,10,1.20,29.01
Kim tuyến sáng 23g DL01-09,Design,DES-KIMTUY-000131,150,6,1.90,46.09
Cốc liquid,Tools & Accessories,TA-COCLIQ-000132,100,4,1.62,39.12
XXS - Đầu tròn ULTRA,Đầu bào,DB-XXS-000133,180,8,2.31,55.99
Bào viên đạn,Đầu bào,DB-BAOVIE-000134,180,8,2.58,62.51
4XC Đầu tròn ULTRA,Đầu bào,DB-4XCDAU-000135,180,8,2.31,55.99
Cán dao cạo chân - đen,Tools & Accessories,TA-CANDAO-000136,130,5,0,24.96
Nhũ đường - T,Design,DES-NHUDUO-000137,250,10,0.81,19.62
Kem mềm da,Hoá chất,HC-KEMMEM-000138,870,35,17.92,440.58
Liquid mango,Hoá chất,HC-LIQMAN-000139,1600,65,44.81,1101.45
Vỏ nhám Mini - 100c,Tools & Accessories,TA-VONHA-000140,150,6,1.91,47.23
Vỏ nhám Mini - 1000c,Tools & Accessories,TA-VONHA-000141,1000,40,15.60,384.85
Vỏ nhám trắng ⌗150 - M,Tools & Accessories,TA-VONHA-000142,200,7,1.29,31.86
Súng bào máy tím,Đồ điện,DD-SUNBAO-000143,1200,50,32.55,805.13
Vòng bi dưới máy tím - to,Đồ điện,DD-VONBI-000144,170,7,2.67,65.96
Vòng bi dưới máy tím - nhỏ,Đồ điện,DD-VONBI-000145,150,6,2.67,65.96
Bột - Natural white,Bột,BOT-BOT-000146,840,35,19.27,476.93
Xô Gel Scrub - Mint 23KG,Hoá chất,HC-XOGEL-000147,2750,110,0,1663.86
Cuticle Oil - Pineapple 1gal,Hoá chất,HC-CUTOIL-000148,875,35,18.27,459.91
Top coat tím Medium 500ml,Top Coat,TC-TOPCOA-000149,2200,80,23.49,591.07
Top coat tím Medium 15ml,Top Coat,TC-TOPCOA-000150,200,8,1.54,38.84
Color Acrylic powder 2oz,Bột,BOT-COLACR-000151,250,10,3.32,83.46
Tay bào Trắng Korea,Đồ điện,DD-TAYBAO-000152,2000,80,22.96,577.70
Súng tay bào Trắng Korea,Đồ điện,DD-SUNTAY-000153,375,15,6.05,152.31
Máy bào Korea Trắng,Đồ điện,DD-MAYBAO-000154,3600,150,36.41,916.21
Típ làm mẫu 20 màu 10 bảng/set,Tools & Accessories,TA-TIPLAM-000155,100,4,0.62,15.67
Tay cầm bấm móng inox,Tools & Accessories,TA-TAYCAM-000156,150,6,95.81,2411.03
Dũa nhỏ Precision 100/100,Dũa,DUA-DUANHO-000157,375,15,4.79,120.56
Tips natur ballerina ngắn,Tips,TIP-TIPNAT-000158,290,10,2.10,53.20
Lõi súng G5,Đồ điện,DD-LOISUN-000159,1250,50,24.32,614.12
Dây tay máy tím 3 chân,Đồ điện,DD-DAYTAY-000160,150,6,2.43,61.41
Bột - Intense Pink,Bột,BOT-BOT-000161,840,35,0,477.31
Bút đắp hoa 3D 2 đầu,Bút,BUT-BUTDAP-000162,450,18,0,163.94
Bút đắp bột Davie sz16,Bút,BUT-BUTDAP-000163,1200,48,0,472.02
Chổi rắc nhũ,Bút,BUT-CHORAC-000164,90,4,0.82,20.59
Bút vẽ cọ,Bút,BUT-BUTVE-000165,125,5,1.59,39.88
Bút vẽ hoa cúc,Bút,BUT-BUTVE-000166,125,5,1.49,37.31
Dây cắm O japan,Đồ điện,DD-DAYCAM-000167,150,6,2.43,60.92
Mịn thông XF,Đầu bào,DB-MINTHO-000168,180,8,2.57,64.32
5in1 Phá volcano 4XC,Đầu bào,DB-5INPHA-000169,210,10,2.43,60.92
5XC,Đầu bào,DB-5XC-000170,180,8,2.29,57.26
XXS đầu vác,Đầu bào,DB-XXSDAU-000171,180,8,2.53,63.36
Biển google review,Tools & Accessories,TA-BIEGOO-000172,500,20,2.82,70.66
Trục nhám Mini,Tools & Accessories,TA-TRUNHA-000173,150,6,1.87,46.31
Bút gel - vuông 6,Bút,BUT-BUTGEL-000174,150,6,1.66,41.07
Bút gel quét mầu - vuông 8,Bút,BUT-BUTGEL-000175,150,6,1.80,44.49
Keo DNS Pro 1s,Hoá chất,HC-KEODNS-000176,12,0.5,0.12,3.05
Ultraschall reiniger 5L,Hoá chất,HC-ULTREI-000177,550,20,10.47,258.63
Kìm Nghĩa D555,Tools & Accessories,TA-KIMNGH-000178,190,8,3.11,76.61
50ml - Gel đắp IBD PINK,Gel đắp,GD-50M-000179,350,14,3.78,91.83
Chrome base coat 15ml,Top Coat,TC-CHRBAS-000180,250,10,3.60,87.38
Nam châm Mắt mèo thường,Tools & Accessories,TA-NAMCHA-000181,50,2,0.53,12.95
Chrome ngọc trai 1g,Design,DES-CHRNGO-000182,120,5,0.38,9.28
Nhũ đường D hũ 50gram,Design,DES-NHUDUO-000183,250,10,1.63,40.76
15ml top coat tím đặc,Top Coat,TC-15MTOP-000184,200,10,1.10,27.47
Khẩu trang y tế,Tools & Accessories,TA-KHATRA-000185,50,2,1.00,25.00
Bào nâng gầm,Đầu bào,DB-BAONAN-000186,180,8,3.01,74.66
4XC - Đầu tròn v2,Đầu bào,DB-4XC-000187,200,8,2.34,58.08
3in1 Mịn C - dài,Đầu bào,DB-3INMIN-000188,200,8,2.15,53.48
Bút đắp bột - kim cương - sz18,Bút,BUT-BUTDAP-000189,1300,53,20.09,495.31
Nhám đỏ manicure,Tools & Accessories,TA-NHADO-000190,375,15,9.03,227.30
Máy bào Marathon 3 bạc,Đồ điện,DD-MAYBAO-000191,3600,150,42.84,1079.04
Dây cắm 3 châm Korea,Đồ điện,DD-DAYCAM-000192,150,6,2.25,56.78
Đèn bàn LED đen,Đồ điện,DD-DENBAN-000193,1500,60,31.57,795.10
Cốc nắp vặn liquid,Tools & Accessories,TA-COCNAP-000194,100,4,2.36,49.24
Set lọ inox đựng bột liquid,Tools & Accessories,TA-SETLO-000195,300,12,6.76,170.37
Kê bàn trưng bày,Tools & Accessories,TA-KEBAN-000196,150,6,2.25,56.78
Cốc đựng bột trái tim,Tools & Accessories,TA-COCDUN-000197,100,4,2.20,55.37
Hộp đựng dụng cụ,Tools & Accessories,TA-HOPDUN-000198,30,1.2,0.73,18.45
Túi Đá nhỏ - bạc,Design,DES-TUIDA-000199,100,4,0.51,12.77
Túi Đá nhỏ - 7 màu,Design,DES-TUIDA-000200,100,4,0.56,14.20
Biển mẫu 50 NailArt,Tools & Accessories,TA-BIEMAU-000201,100,4,1.41,35.49
Típ cho bảng tip display,Tools & Accessories,TA-TIPCHO-000202,50,2,0.45,11.36
Quyển bảng màu marble 160,Tools & Accessories,TA-QUYBAN-000203,250,10,3.16,79.51
Quyển bảng màu gold 120,Tools & Accessories,TA-QUYBAN-000204,250,10,3.83,96.55
Quyển bảng màu gold 216,Tools & Accessories,TA-QUYBAN-000205,250,10,4.74,119.27
Quyển bảng màu to 300,Tools & Accessories,TA-QUYBAN-000206,625,25,13.53,340.75
Dũa nhỏ Precision 80/80,Dũa,DUA-DUANHO-000207,375,15,4.79,120.86
Đèn vòng bàn - trắng,Đồ điện,DD-DENVON-000208,1975,79,26.06,657.49
Thùng Túi y tế 4000c,Pedicure,PED-THUTUI-000209,4500,180,36.23,914.14
Thùng Mini buffer 1500c,Pedicure,PED-THUMIN-000210,2500,100,21.39,539.66
Thùng Dũa mini 5000c,Pedicure,PED-THUDUA-000211,6000,240,74.14,1870.74
5XC - Titan Xanh,Đầu bào,DB-5XC-000212,375,15,0,150.02
4XC - tròn nhỏ,Đầu bào,DB-4XC-000213,200,8,2.18,54.96
Bút quan tài sz16,Bút,BUT-BUTQUA-000214,1200,48,18.07,454.97
Tay bào Korea bạc,Đồ điện,DD-TAYBAO-000215,2000,80,20.18,508.09
Chổi than japan,Đồ điện,DD-CHOTHA-000216,250,10,0.92,23.10
Mài da khoé,Đầu bào,DB-MAIDA-000217,170,8,2.61,65.51
Bào mịn 3in1 - F,Đầu bào,DB-BAOMIN-000218,170,8,2.61,65.51
Đèn cầu vòng đính đá,Đồ điện,DD-DENCAU-000219,1975,79,34.04,831.75
Chrome ngọc trai 7 màu,Design,DES-CHRNGO-000220,125,5,3.71,93.13
Chả gọt chân Inox,Tools & Accessories,TA-CHAGOT-000221,200,8,1.08,27.11
Xốp kẹp chân 1000c,Tools & Accessories,TA-XOPKEP-000222,1000,40,21.20,531.01
Kê tay da - ghi,Tools & Accessories,TA-KETAY-000223,200,8,2.94,73.76
Bào gầm khoé nhọn,Đầu bào,DB-BAOGAM-000224,180,8,2.57,64.34
Bào gầm mỏng,Đầu bào,DB-BAOGAM-000225,170,8,2.57,64.34
Chổi đánh bóng,Đầu bào,DB-CHODAN-000226,100,4,0.54,13.60
Bào gầm răng thẳng,Đầu bào,DB-BAOGAM-000227,200,8,2.57,64.34
5XC - đầu tròn,Đầu bào,DB-5XC-000228,180,8,2.57,64.34
M - to tròn,Đầu bào,DB-M-000229,180,8,2.57,64.34
M - nhỏ,Đầu bào,DB-M-000230,180,8,2.57,64.34
Bào mịn 3in1 - M,Đầu bào,DB-BAOMIN-000231,200,8,2.89,72.24
2XC Đầu vát,Đầu bào,DB-2XCDAU-000232,180,8,2.57,64.34
Bột màu 56g Nude collection,Bột,BOT-BOTMAU-000233,300,12,4.23,105.95
Bột - VIP Natural Pink,Bột,BOT-BOT-000234,1000,40,19.75,494.43
Muối ngâm chân 5kg,Pedicure,PED-MUONGA-000235,750,30,0,201.31
Sugar Scrub - Orange 20kg,Pedicure,PED-SUGSCR-000236,3750,150,0,4018.38
Kem Mango Vera 600ml,Hoá chất,HC-KEMMAN-000237,250,10,0,121.06
Sơn Enjoy super trắng,Hoá chất,HC-SONENJ-000238,120,5,0,48.06
Sơn Enjoy super đen,Hoá chất,HC-SONENJ-000239,120,5,0,48.06
Máy Ultraschall 2L,Đồ điện,DD-MAYULT-000240,3000,120,56.10,1404.39
Nhũ đường A 50g,Design,DES-NHUDUO-000241,250,10,1.64,41.08
Nhũ đường B 50g,Design,DES-NHUDUO-000242,250,10,1.64,41.08
Nhũ đường C 50g,Design,DES-NHUDUO-000243,250,10,1.33,33.39
Nhũ bạc phản quang mịn R1 50g,Design,DES-NHUBAC-000244,450,18,9.68,242.45
Bát nhựa ngâm tay,Tools & Accessories,TA-BATNHU-000245,75,3,0.26,6.63
Bạc Foil 3g,Design,DES-BACFOI-000246,125,5,0.85,21.19
Típ làm mẫu trong tròn 50c set,Tools & Accessories,TA-TIPLAM-000247,75,3,0.53,13.26
Nam châm mắt mèo - 5in1,Tools & Accessories,TA-NAMCHA-000248,200,8,2.12,52.99
Chổi vệ sinh đầu mài,Tools & Accessories,TA-CHOVE-000249,100,4,1.06,26.49
Chai sơn không 15ml,Tools & Accessories,TA-CHASON-000250,37.5,1.5,0.06,1.60
Chai primer không 15ml,Tools & Accessories,TA-CHAPRI-000251,37.5,1.5,0.79,19.02
Chai bond không 15ml,Tools & Accessories,TA-CHABON-000252,37.5,1.5,0.79,19.02
Hộp đựng phá tròn trắng,Tools & Accessories,TA-HOPDUN-000253,125,5,0.57,14.32
Bút cán gỗ sz16,Bút,BUT-BUTCAN-000254,1200,48,18.44,466.74
Bút đắp bột - kim cương - sz16,Bút,BUT-BUTDAP-000255,1200,48,18.44,466.74
Tay bào trắng Korea SH20N,Đồ điện,DD-TAYBAO-000256,3400,136,65.51,1658.47
Vòng bi to Japan,Tools & Accessories,TA-VONBI-000257,110,7,1.15,28.25
Vòng bi nhỏ Japan,Tools & Accessories,TA-VONBI-000258,110,6,0.64,15.65
1KG - Gel đắp CLEAR,Gel đắp,GD-1KG-000259,2100,85,0,931.47
1KG - Gel đắp NATURAL PINK,Gel đắp,GD-1KG-000260,2100,85,0,931.47
1KG - Gel đắp MAKEUP ⌗1,Gel đắp,GD-1KG-000261,2100,85,0,931.47
1KG - Gel đắp MAKEUP ⌗2,Gel đắp,GD-1KG-000262,2100,85,0,931.47
1KG - Gel đắp MAKEUP ⌗3,Gel đắp,GD-1KG-000263,2100,85,0,931.47
Cắt fen thường,Tools & Accessories,TA-CATFEN-000264,100,6,0.59,14.93
Cắt fen sâu - E,Tools & Accessories,TA-CATFEN-000265,150,6,0.59,14.93
XXS ULTRA,Đầu bào,DB-XXSULT-000266,180,8,2.60,65.65
XC - tròn,Đầu bào,DB-XC-000267,180,8,2.60,65.65
Bào Mịn SM,Đầu bào,DB-BAOMIN-000268,170,8,2.60,65.65
C - bào lửa,Đầu bào,DB-C-000269,180,8,2.60,65.65
Bào khoé tròn,Đầu bào,DB-BAOKHO-000270,180,8,2.60,65.65
XXS Hoa cúc ULTRA,Đầu bào,DB-XXSHOA-000271,180,8,2.60,65.65
Base coat 15ml,Hoá chất,HC-BASCOA-000272,250,10,1.81,45.78
Sơn màu SORAH 15ml,Sơn màu,SM-SONMAU-000273,100,4,1.63,41.13
SORAH 144 quyển màu,Sơn màu,SM-SOR144-000274,0,0,15.40,389.57
Máy hút bụi bàn di dộng,Đồ điện,DD-MAYHUT-000275,1500,60,28.38,707.12
Dũa Bông hoa đen 80/80,Dũa,DUA-DUABON-000276,650,25,9.20,232.22
Tip Thẳng Straight jet - Lẻ (50c),Tips,TIP-TIPTHA-000277,18,0.7,0,8.49
Vỏ nhám trắng ⌗150 (1000c),Tools & Accessories,TA-VONHA-000278,1000,40,0,350.28
Vỏ nhám trắng ⌗120 - C (1000c),Tools & Accessories,TA-VONHA-000279,1000,40,0,350.28
Vỏ nhám trắng ⌗180 - F (1000c),Tools & Accessories,TA-VONHA-000280,1000,40,9.15,230.92
Set Hộp đá - 7 màu,Design,DES-SETHOP-000281,750,30,7.97,201.00
Set Hộp đá - bạc,Design,DES-SETHOP-000282,750,30,7.08,178.70
Set Hộp đá - vàng,Đồ điện,DD-SETHOP-000283,750,30,8.26,208.35
Set Hộp đá - chữ vàng,Design,DES-SETHOP-000284,875,35,10.33,260.57
Kem Mango Vera 5kg,Hoá chất,HC-KEMMAN-000285,725,29,10.52,265.93
Callus Remover 5kg,Pedicure,PED-CALREM-000286,1125,42,0,377.43
Xô Muối ngâm chân - mịn 23kg,Hoá chất,HC-XOMUO-000287,2500,100,0,898.67
Chổi quét bàn to,Tools & Accessories,TA-CHOQUE-000288,200,8,0,39.64
4XC đầu vát,Đầu bào,DB-4XCDAU-000289,180,8,2.93,74.39
Kìm Nghĩa D01 Mũi 16,Tools & Accessories,TA-KIMNGH-000290,260,12,5.11,125.96
Cây đẩy da,Tools & Accessories,TA-CAYDAY-000291,50,2,0.72,18.23
Aceton 5L,Hoá chất,HC-ACE5L-000292,430,20,9.39,233.92
Cồn IPA70 5L,Hoá chất,HC-CONIPA-000293,380,18,7.08,176.37
Aceton 1L,Hoá chất,HC-ACE1L-000294,200,8,2.64,66.69
Típ thường 50c,Tools & Accessories,TA-TIPTHU-000295,13,0.6,0.17,4.18
Gel vẽ trắng French 50ml,Design,DES-GELVE-000296,250,10,3.78,91.83
Sơn màu Milky White 15ml,Sơn màu,SM-SONMAU-000297,100,4,1.57,38.30
Flash Disco Cat Eye 12 màu,Sơn màu,SM-FLADIS-000298,1500,60,35.15,887.64
Set Phấn nén làm ombre,Design,DES-SETPHA-000299,300,12,4.10,103.44
1KG - Gel đắp MILKY WHITE,Gel đắp,GD-1KG-000300,2100,85,0,931.47
1KG - Gel đắp MILKY PINK,Gel đắp,GD-1KG-000301,2100,85,0,931.47
M - to,Đầu bào,DB-M-000302,180,8,2.62,66.13
Bào gầm 2.0,Đầu bào,DB-BAOGAM-000303,180,8,2.62,66.13
Phá Shellac,Đầu bào,DB-PHASHE-000304,180,8,2.95,74.55
Mịn thông M,Đầu bào,DB-MINTHO-000305,180,8,3.71,93.78
Top coat tím đặc 500ml,Top Coat,TC-TOPCOA-000306,2200,80,23.33,589.44
Liner gel vẽ Platinum,Design,DES-LINGEL-000307,150,6,1.69,42.80
Đèn bàn trắng 18W,Đồ điện,DD-DENBAN-000308,1500,60,24.96,629.52
Dũa mỏng nhỏ tròn 100/100,Dũa,DUA-DUAMON-000309,280,12,3.48,86.62
Dũa mỏng nhỏ tròn 80/80,Dũa,DUA-DUAMON-000310,280,12,4.30,108.39
Bột - Clear Nhanh khô,Bột,BOT-BOT-000311,840,35,0,476.81
Bột - Natural Dark Pink,Bột,BOT-BOT-000312,840,35,0,487.52
Chrome base coat 250ml,Hoá chất,HC-CHRBAS-000313,1250,50,15.04,365.19
Giấy làm chân 50x70cm,Tools & Accessories,TA-GIALAM-000314,550,22,0,278.68
Găng tay Nitril đen - S,Tools & Accessories,TA-GANTAY-000315,125,5,2.66,67.00
Găng tay Nitril đen - M,Tools & Accessories,TA-GANTAY-000316,158,5,2.66,67.00
Vỏ nhám tím ⌗150 - M,Tools & Accessories,TA-VONHA-000317,200,7,2.63,66.27
Cốc đựng bột nhỏ,Tools & Accessories,TA-COCDUN-000318,50,2,1.19,30.03
Hộp đựng tip 0-10,Tools & Accessories,TA-HOPDUN-000319,50,2,0.39,9.47
Típ làm mẫu 36 màu,Tools & Accessories,TA-TIPLAM-000320,75,3,0.99,24.94
Kê tay cao - hồng,Tools & Accessories,TA-KETAY-000321,200,8,2.06,51.82
Kê tay cao - be,Tools & Accessories,TA-KETAY-000322,200,8,2.06,51.82
Kê tay cao - vàng,Tools & Accessories,TA-KETAY-000323,200,8,2.06,51.82
Máy bào di động - đen,Đồ điện,DD-MAYBAO-000324,2300,90,33.06,807.63
Đèn pin cầm tay v2,Đồ điện,DD-DENPIN-000325,250,10,2.18,53.78
Pin thay đèn sạc,Đồ điện,DD-PINTHA-000326,450,18,15.53,390.01
Tinh dầu trị nấm 15ml,Hoá chất,HC-TINDAU-000327,250,10,0,109.33
Nước cầm máu,Hoá chất,HC-NUOCAM-000328,100,4,1.94,48.52
Bột - Natural pink,Bột,BOT-BOT-000329,840,35,0,425.91
Bột - Crystal clear,Bột,BOT-BOT-000330,840,35,0,477.31
Liquid Mango J2000M C2,Hoá chất,HC-LIQMAN-000331,1300,52,37.02,922.49
Liquid J-2000 C2,Hoá chất,HC-LIQJ20-000332,1100,50,0,753.21
Liquid J2000 C0,Hoá chất,HC-LIQJ20-000333,1100,50,0,753.21
Bột - Super white,Bột,BOT-BOT-000334,840,35,0,461.52
Bột - Ombre white,Bột,BOT-BOT-000335,840,35,0,444.94
Bột - Milky white,Bột,BOT-BOT-000336,840,35,0,461.52
Bột - Makeup nude,Bột,BOT-BOT-000337,840,35,0,425.91
Bột - Makeup peach,Bột,BOT-BOT-000338,840,35,0,477.31
Bột - Makeup pink,Bột,BOT-BOT-000339,840,35,0,425.91
Bột - Clear,Bột,BOT-BOT-000340,840,35,0,444.94
Primer 500ml,Hoá chất,HC-PRI500-000341,840,35,0,161.13
Bond dry 500ml,Hoá chất,HC-BONDRY-000342,500,20,4.98,124.23
Tay bào Marathon bạc,Đồ điện,DD-TAYBAO-000343,2750,110,87.22,1822.28
Cắt fen thường USA,Tools & Accessories,TA-CATFEN-000344,400,16,8.10,201.96
Cắt fen sâu USA,Tools & Accessories,TA-CATFEN-000345,400,16,8.10,201.96
Diamond Top Coat 500ml,Top Coat,TC-DIATOP-000346,2000,80,30.50,745.25
Top coat tím Medium 1KG,Top Coat,TC-TOPCOA-000347,3800,150,40.64,1013.28
1KG top coat tím loãng,Top Coat,TC-1KGTOP-000348,4000,150,40.64,1013.28
Top coat tím loãng 500ml,Top Coat,TC-TOPCOA-000349,2200,80,25.71,641.17
Chà chân xanh 400c,Tools & Accessories,TA-CHACHA-000350,1000,40,11.44,285.35
Buffer cam 3 mặt,Tools & Accessories,TA-BUFCAM-000351,12,0.5,0.52,12.85
Buffer trắng 4 mặt,Pedicure,PED-BUFTRA-000352,12,0.5,0.53,13.31
Tay bào máy tím,Đồ điện,DD-TAYBAO-000353,4900,200,59.50,1453.76
Tay bào máy G5,Đồ điện,DD-TAYBAO-000354,5400,220,70.82,1738.11
Đèn LED 96W,Đồ điện,DD-DENLED-000355,1400,55,0,505.19
Đèn LED 48W,Đồ điện,DD-DENLED-000356,750,35,10.15,252.99
Tip làm chân set,Pedicure,PED-TIPLAM-000357,150,6,1.41,35.27
Chai sơn trống 15ml,Tools & Accessories,TA-CHASON-000358,50,2,0.92,23.02
Túi ni lông xanh 800c,Tools & Accessories,TA-TUINI-000359,1750,70,36.22,874.57
5in1 Pedicure kit - 200c,Tools & Accessories,TA-5INPED-000360,1450,60,27.22,668.18
Thùng Dũa mini 5000c,Pedicure,PED-THUDUA-000361,3000,120,58.81,1466.41
Thùng Slim buffer 500c,Pedicure,PED-THUSLI-000362,1250,50,5.51,137.43
Thùng que tăm 800c,Pedicure,PED-THUQUE-000363,500,20,5.23,130.49
Đèn cầu vòng đính đá v2,Đồ điện,DD-DENCAU-000364,1975,79,30.54,761.47
Đèn cầu vòng trắng v2,Đồ điện,DD-DENCAU-000365,1975,79,28.22,703.69
4XC - Titan Xanh,Đầu bào,DB-4XC-000366,375,15,5.24,130.73
2XC Titan xanh,Đầu bào,DB-2XCTIT-000367,375,15,5.24,130.73
Lọ không 500ml,Tools & Accessories,TA-LOKHO-000368,50,2,0.29,6.93
Cán dao cạo chân Inox,Pedicure,PED-CANDAO-000369,125,5,0,24.54
Dao lam Micra,Pedicure,PED-DAOLAM-000370,150,6,0,42.66
Dũa 80/80 Luxfile,Dũa,DUA-DUA808-000371,750,30,14.33,345.96
Dũa 100/100 Luxfile,Dũa,DUA-DUA100-000372,750,30,14.33,345.96
Máy sấy khô,Đồ điện,DD-MAYSAY-000373,2000,80,23.92,601.43
Tip fan 120 màu - tip nhọn trong,Tools & Accessories,TA-TIPFAN-000374,150,6,1.34,33.79
Tip fan 120 màu - tip nhọn đục,Tools & Accessories,TA-TIPFAN-000375,150,6,1.34,33.79
Tip fan 120 màu - tip natur trong,Tools & Accessories,TA-TIPFAN-000376,150,6,1.34,33.79
Tip fan 120 màu - tip natur đục,Tools & Accessories,TA-TIPFAN-000377,150,6,1.34,33.79
Barbicide Concentrate 500ml,Hoá chất,HC-BARCON-000378,300,12,5.49,137.18
liner gel vẽ 12ml - trắng,Hoá chất,HC-LINGEL-000379,150,6,1.26,30.68
liner gel vẽ 12ml - đen,Hoá chất,HC-LINGEL-000380,150,6,1.08,26.96
4XC - Hoa cúc 2.0,Đầu bào,DB-4XC-000381,180,8,3.73,92.98
Liner gel vẽ metallic - vàng 15ml,Design,DES-LINGEL-000382,200,8,2.38,59.31
Liner gel vẽ metallic - bạc 15ml,Design,DES-LINGEL-000383,200,8,2.38,59.31
1KG top coat tím đặc,Top Coat,TC-1KGTOP-000384,4000,150,39.28,979.93
4XC,Đầu bào,DB-4XC-000385,200,8,2.52,62.92
Trục nhám sắt v2,Đầu bào,DB-TRUNHA-000386,180,8,1.41,35.21
Trục nhám chắc chắn v2,Đầu bào,DB-TRUNHA-000387,180,8,2.24,55.82
Liquid J-2000 C7,Hoá chất,HC-LIQJ20-000388,1100,50,0,753.21
Bột - Ombre Pink I,Bột,BOT-BOT-000389,840,35,0,608.79
Liquid EMA J-2 C7,Hoá chất,HC-LIQEMA-000390,2000,90,46.17,1151.83
4XC - Đầu tròn - Titan xanh,Đầu bào,DB-4XC-000391,375,15,5.23,130.41
Motor tay máy tím,Đồ điện,DD-MOTTAY-000392,1250,50,8.61,214.83
Super White 250ml,Hoá chất,HC-SUPWHI-000393,1500,60,41.77,1043.49
Super Black 250ml,Hoá chất,HC-SUPBLA-000394,1500,60,41.77,1043.49
Sugar Scrub - Orange 5kg,Pedicure,PED-SUGSCR-000395,1125,45,25.90,646.95
Gel Scrub - Mint 5KG,Hoá chất,HC-GELSCR-000396,875,35,19.60,489.50
Diamond Top Coat 1L,Top Coat,TC-DIATOP-000397,3800,150,0,1071.20
Cốc đựng bột tròn,Tools & Accessories,TA-COCDUN-000398,100,4,1.50,37.49
Hũ đựng gel 50ml,Tools & Accessories,TA-HUDUN-000399,87,3.5,1.20,29.87
Hũ đựng gel 30ml,Tools & Accessories,TA-HUDUN-000400,87,3.5,0.67,16.78
Chà chân vàng 400c,Tools & Accessories,TA-CHACHA-000401,1000,40,14.55,363.43
Đèn sạc pin 90W,Đồ điện,DD-DENSAC-000402,1500,60,18.92,0
Sửa chữa tay bào,Dịch vụ,DV-SUACHU-000403,375,15,0.00,0.00
4XC Đầu tròn v3,Đầu bào,DB-4XCDAU-000404,180,8,2.79,69.57
M vàng - to,Đầu bào,DB-MVAN-000405,180,8,2.79,69.57
Set Bột Neon dặm 24 màu,Design,DES-SETBOT-000406,300,12,2.79,69.61
Set Bút Xốp dặm,Design,DES-SETBUT-000407,250,10,0.62,15.36
Thân máy Trắng Marathon,Đồ điện,DD-THAMAY-000408,1500,60,24.61,613.81
Dây cắm 3 chân UP200,Đồ điện,DD-DAYCAM-000409,150,6,2.34,58.31
Set Sơn mắt mèo 10D 12 màu,Sơn màu,SM-SETSON-000410,1500,60,16.53,413.03
Gel nặn 3D - Clear 50ml,Design,DES-GELNAN-000411,250,10,1.92,47.93
Kê chân cao - đen vàng,Tools & Accessories,TA-KECHA-000412,300,12,6.73,168.00
Kê chân cao - trắng vàng,Tools & Accessories,TA-KECHA-000413,300,12,6.73,168.00
Chổi quét bàn - Nhỏ,Tools & Accessories,TA-CHOQUE-000414,150,6,1.53,38.10
Muối viên xô 4000 viên,Pedicure,PED-MUOVIE-000415,4000,160,65.78,1639.06
Moonlight Cat Eye 12 màu,Sơn màu,SM-MOOCAT-000416,1500,60,28.37,706.94
Gel thinner 30ml,Hoá chất,HC-GELTHI-000417,300,12,2.69,67.15
Diamond Top Coat 15ml,Top Coat,TC-DIATOP-000418,200,8,1.85,46.13
Gel nặn 3D - trắng 15ml,Hoá chất,HC-GELNAN-000419,250,10,1.98,49.32
Sơn màu Milky White 250ml,Sơn màu,SM-SONMAU-000420,1500,60,12.63,307.09
Liquid EMA G3 C1 Blue,Hoá chất,HC-LIQEMA-000421,1625,65,0,1118.35
Xô Gel Scrub Orange - 20KG,Pedicure,PED-XOGEL-000422,2750,110,0,1663.86
Vỏ nhám Mỹ ⌗150 (1000c),Tools & Accessories,TA-VONHA-000423,1250,50,0,692.10
Set 5c Bút Nặn Silicon,Bút,BUT-SET5C-000424,200,8,0.58,14.47
Dũa mỏng - To Vuông 80/80,Dũa,DUA-DUAMON-000425,500,20,5.06,125.76
Dũa mỏng - To Vuông 100/100,Dũa,DUA-DUAMON-000426,500,20,5.06,125.76
Tip Thẳng Natur Nhọn - Lẻ,Tips,TIP-TIPTHA-000427,18,0.7,0.18,4.51
Bình ngâm khử trùng dụng cụ,Pedicure,PED-BINNGA-000428,250,10,2.27,55.97
Bút cán gỗ sz14,Bút,BUT-BUTCAN-000429,1100,43,15.74,388.19
BL1 - Nhũ Đường Đen ánh trắng,Design,DES-BL1-000430,250,10,1.56,38.53
BL2 - Nhũ Đường Đen 7 màu,Design,DES-BL2-000431,250,10,1.25,30.80
Liquid EMA Ít mùi,Hoá chất,HC-LIQEMA-000432,2150,85,76.61,1600.65
Bịch Dũa mini 50c - Lẻ,Pedicure,PED-BICDUA-000433,100,4,0.54,13.26
Xốp kẹp chân 100c - Lẻ,Pedicure,PED-XOPKEP-000434,100,4,1.00,24.65
Hộp túi y tế 100c - Lẻ,Pedicure,PED-HOPTUI-000435,100,4,0.83,20.47
Muối viên - Lọ Nhỏ 250c,Pedicure,PED-MUOVIE-000436,250,10,0,100.66
Chai Bơm Cồn 200ml,Tools & Accessories,TA-CHABOM-000437,150,6,0,19.08
Cán dao cạo chân P05,Pedicure,PED-CANDAO-000438,120,5,0,18.04
Kệ Acrylic đựng bút,Tools & Accessories,TA-KEACR-000439,250,10,4.01,98.87
Bịch que tăm 100c - Lẻ,Tools & Accessories,TA-BICQUE-000440,75,3,0.60,14.75
Marble Ink Set 12 màu,Design,DES-MARINK-000441,1500,60,18.74,459.93
Gel 6in1,Top Coat,TC-GEL6IN-000442,200,8,2.34,57.49
Máy bào di động 45K,Đồ điện,DD-MAYBAO-000443,3000,120,58.37,1426.06
Gel vẽ Đen Hũ 50ml,Hoá chất,HC-GELVE-000444,250,10,3.15,76.84
5in1 pedicure kit cam,Pedicure,PED-5INPED-000445,1500,60,33.79,825.47
Lẻ - Jelly Spa 1 túi,Pedicure,PED-LE-000446,50,2,1.15,28.05
Kê tay cao - màu đen - chân bạc,Tools & Accessories,TA-KETAY-000447,300,12,4.77,116.45
Kê tay cao - màu trắng - chân bạc,Tools & Accessories,TA-KETAY-000448,300,12,4.77,116.45
Đèn LED làm chân,Đồ điện,DD-DENLED-000449,2100,85,38.26,934.64
Máy Khử trùng nhiệt độ,Đồ điện,DD-MAYKHU-000450,2250,90,14.96,365.46
Mịn thông XF,Đầu bào,DB-MINTHO-000451,250,10,5.41,132.05
Kìm Bấm Móng - Đầu Thẳng,Tools & Accessories,TA-KIMBAM-000452,150,6,2.07,50.66
Imperial Top Coat - 15ml - thin,Top Coat,TC-IMPTOP-000453,200,8,1.55,37.73
Imperial Top Coat - 15ml - thick,Top Coat,TC-IMPTOP-000454,200,8,1.77,43.22
Imperial Top Coat - 500ml - thin,Top Coat,TC-IMPTOP-000455,2000,80,0,515.34
Imperial Top Coat - 1000ml - thin,Top Coat,TC-IMPTOP-000456,3800,150,0,1030.68
Imperial Top Coat - 500ml - thick,Top Coat,TC-IMPTOP-000457,2000,80,0,530.90
Imperial Top Coat - 1000ml - thick,Top Coat,TC-IMPTOP-000458,3800,150,0,1061.83
Glaze Gel Polish Set 12 màu,Sơn màu,SM-GLAGEL-000459,1500,60,26.52,644.59
BIAB 15ml,Gel đắp,GD-BIA15M-000460,200,8,1.76,42.69
Cuticle Oil nắp nhọn 15ml,Hoá chất,HC-CUTOIL-000461,100,4,0.83,20.13
Liquid Professional,Hoá chất,HC-LIQPRO-000462,1750,70,50.94,1233.86
Liquid Winter,Hoá chất,HC-LIQWIN-000463,1375,55,0,967.42
Cốc liquid mini,Tools & Accessories,TA-COCLIQ-000464,75,3,0,27.32
Dép làm chân 24c,Pedicure,PED-DEPLAM-000465,100,4,0,20.07
Kem đẩy da 3.8L,Pedicure,PED-KEMDAY-000466,875,35,0,279.82
Kem đẩy da 1L,Pedicure,PED-KEMDAY-000467,300,12,0,110.33
Hộp Pedicure Bath Bombs 60c,Pedicure,PED-HOPPED-000468,875,35,0,336.89
Imperial Top Coat - 250ml - thick,Top Coat,TC-IMPTOP-000469,1250,50,0,297.30
Imperial Top Coat - 250ml - thin,Top Coat,TC-IMPTOP-000470,1250,50,0,297.30
Dũa Luxfile 60/60,Dũa,DUA-DUALUX-000471,700,25,14.33,345.96
Túi ni lông trong,Pedicure,PED-TUINI-000472,1750,70,36.22,874.57
Đèn nối mi,Đồ điện,DD-DENNOI-000473,4000,160,83.10,2006.52
Đèn bàn LED siêu sáng,Đồ điện,DD-DENBAN-000474,1500,60,27.22,657.31
Típ làm mẫu quyển màu nhọn,Tips,TIP-TIPLAM-000475,75,3,0.86,20.76
Thùng Chà chân tím 400c,Pedicure,PED-THUCHA-000476,975,39,16.91,408.22
Kìm bấm móng L 777 Korea,Tools & Accessories,TA-KIMBAM-000477,150,6,0,70.19
Tip trong thẳng clear,Tips,TIP-TIPTRO-000478,20,0.8,0.32,7.80
Tip thẳng vuông đục,Tips,TIP-TIPTHA-000479,20,0.8,0.32,7.80
Tip trong nhọn,Tips,TIP-TIPTRO-000480,20,0.8,0.28,6.75
Kìm tháo đá,Tools & Accessories,TA-KIMTHA-000481,150,6,0,26.27
Bút chấm bi vôi 2 đầu,Bút,BUT-BUTCHA-000482,125,5,0,63.66
Bào Mịn 3in1 dài - F,Đầu bào,DB-BAOMIN-000483,200,8,0,87.96
Bào Mịn 5in1 XXL - F,Đầu bào,DB-BAOMIN-000484,250,10,0,121.56
Bào Mịn Diamond - Đẩy Khoé,Đầu bào,DB-BAOMIN-000485,100,4,0,16.55
Đèn Hybrid SORAH,Đồ điện,DD-DENHYB-000486,1625,65,0,808.31
Hộp trong đựng nhũ,Tools & Accessories,TA-HOPTRO-000487,50,2,0,3.05
Gel đắp - 500ml - Clear,Gel đắp,GD-GELDAP-000488,1250,50,0,511.41
Gel đắp - 500ml - Natural Pink,Gel đắp,GD-GELDAP-000489,1250,50,0,511.41
Gel đắp - 500ml - Milky Pink,Gel đắp,GD-GELDAP-000490,1250,50,0,511.41
Gel đắp - 500ml - Milky White,Gel đắp,GD-GELDAP-000491,1250,50,0,511.41
Gel đắp - 500ml - Makeup 1,Gel đắp,GD-GELDAP-000492,1250,50,0,511.41
Gel đắp - 500ml - Makeup 2,Gel đắp,GD-GELDAP-000493,1250,50,0,511.41
Gel đắp - 500ml - Makeup 3,Gel đắp,GD-GELDAP-000494,1250,50,0,511.41
Gel đắp - 50ml - Clear,Gel đắp,GD-GELDAP-000495,350,14,0,122.87
Gel đắp - 50ml - Natural Pink,Gel đắp,GD-GELDAP-000496,350,14,0,122.87
Gel đắp - 50ml - Milky Pink,Gel đắp,GD-GELDAP-000497,350,14,0,122.87
Gel đắp - 50ml - Milky White,Gel đắp,GD-GELDAP-000498,350,14,0,122.87
Gel đắp - 50ml - Makeup ⌗1,Gel đắp,GD-GELDAP-000499,350,14,0,122.87
Gel đắp - 50ml - Makeup ⌗2,Gel đắp,GD-GELDAP-000500,350,14,0,122.87
Gel đắp - 50ml - Makeup ⌗3,Gel đắp,GD-GELDAP-000501,350,14,0,122.87
CND Shellac Base Coat,Top Coat,TC-CNDSHE-000502,500,20,0,350.26
Cồn xanh 80 độ 5L,Hoá chất,HC-CONXAN-000503,550,22,0,508.68
Thùng 5in1 pedi kit tím (200c),Pedicure,PED-THU5IN-000504,1500,60,0,598.95
Oil vị dứa 500ml,Hoá chất,HC-OILVI-000505,250,10,0,129.41
Hộp Cuticle oil 48c,Noel,NOE-HOPCUT-000506,875,35,0,603.91
Cuticle oil Noel,Noel,NOE-CUTOIL-000507,20,0.76,0,7.19
Kem Hộp Đỏ 50ml,Noel,NOE-KEMHOP-000508,50,2,0,27.32
Hộp kem mango vera 72c,Noel,NOE-HOPKEM-000509,975,39,0,352.29
Dầu Massage - Aloe Vera 3.8L,Pedicure,PED-DAUMAS-000510,875,35,0,284.73
Bột Ombre Nude I,Bột,BOT-BOTOMB-000511,840,35,0,425.91
Bột - Ombre Pink II,Bột,BOT-BOT-000512,840,35,0,444.94
