Product name,Reference,Category,SKU,Price CZK,Price EUR,Imp. Cost USD,Imp. Cost EUR,Imp. Cost CZK,Supplier,Weight (g),Imported (pcs),Stock (pcs),Total orders
4XC - 5in1,HDL4: 5in1 - 4XC,Đầu bào,A0000038,180,8,4.82,4.11,106.81,Hytoos,100,50,50,0
M - nhỏ tròn,HDL4: M small smooth,Đầu bào,A0000040,180,8,3.25,2.77,72.02,Hytoos,100,50,-6,0
XF - nhỏ,HDL5: XF small,Đầu bào,A0000054,180,8,3.45,2.94,80.04,Hytoos,100,50,50,0
Sticker - 5D,Stickers - 5D,Design,A0000061,40,2,0.7370216606,0.63,16.91,"Guangzhou Fantastic Beauty Nail Co., Ltd.",100,100,100,0
Sticker - 3D,Stickers - 3D,Design,A0000062,30,1.5,0.2470216606,0.21,5.67,"Guangzhou Fantastic Beauty Nail Co., Ltd.",100,400,400,0
Sticker - 2D,Stickers - 2D,Design,A0000063,25,1,0.3070216606,0.26,7.05,"Guangzhou Fantastic Beauty Nail Co., Ltd.",100,4800,-2,0
Foil sticker,Foil stickers,Design,A0000064,100,8,1.027021661,0.88,23.57,"Guangzhou Fantastic Beauty Nail Co., Ltd.",100,240,-2,0
Tips natur nhọn ngắn,Tips natur nhọn ngắn,Tips,A0000066,290,10,1.23,1.05,26.68,YIWU Mylove Jewelry Co.,100,100,-45,0
Tips natur thẳng ngắn,Tips natur thẳng ngắn,Tips,A0000067,290,10,1.68,1.43,36.45,YIWU Mylove Jewelry Co.,100,100,-1,0
Tips natur nhọn dài,Tips natur nhọn dài,Tips,A0000068,290,10,1.66,1.42,36.01,YIWU Mylove Jewelry Co.,100,100,-2,0
Tips trong nhọn ngắn,Tips trong nhọn ngắn,Tips,A0000070,290,10,1.41,1.20,30.59,YIWU Mylove Jewelry Co.,100,100,100,0
Đá nhỏ 7mầu,Đá nhỏ 7mầu,Design,A0000071,90,3,0.96,0.82,20.83,YIWU Mylove Jewelry Co.,100,50,-1,0
Bút vẽ (1set=3c),Bút vẽ (1set=3c),Bút,A0000073,180,7,2.57,2.19,55.76,YIWU Mylove Jewelry Co.,100,200,-2,0
Hộp đựng móng (0-9),Hộp đựng móng (0-9),Tools & Accessories,A0000075,50,2,0.86,0.73,18.66,YIWU Mylove Jewelry Co.,100,50,50,0
Cây fen - V shape,Cây fen - V shape,Tools & Accessories,A0000083,170,6,0.45,0.38,9.78,"Hefei Yujinxuan International Trade Co., Ltd.",100,100,-1,0
Cây fen - U shape,Cây fen - U shape,Tools & Accessories,A0000084,170,6,0.45,0.38,9.78,"Hefei Yujinxuan International Trade Co., Ltd.",100,100,-1,0
Mịn Fusion,Mịn Fusion,Đầu bào,A0000096,180,8,2.96,2.53,64.24,Hytoos,100,50,-1,0
French A,French A,Tools & Accessories,A0000097,150,6,0.7,0.60,15.19,"Hefei Yujinxuan International Trade Co., Ltd.",100,100,100,0
French B,French B,Tools & Accessories,A0000098,150,6,0.7,0.60,15.19,"Hefei Yujinxuan International Trade Co., Ltd.",100,100,-1,0
Sticker lửa,Sticker lửa,Design,A0000102,130,6,1.8,1.54,39.07,"Hefei Yujinxuan International Trade Co., Ltd.",100,100,99,0
Bút vẽ 2 đầu - 7/11mm,Yi: Bút vẽ 2 đầu - 7/11mm,Bút,A0000107,309,12,3.336,2.88,72.76,"Jiangxi Yihuale Pen Industry Co., Ltd.",100,250,-1,0
Chrome Red,Chrome Red,Design,A0000111,200,7,4.44,3.83,97.27,TBC,100,50,-1,0
Sơn Ultra Black,Sơn Ultra Black,Hoá chất,A0000112,200,7,4.317,3.72,94.58,TBC,100,52,-2,0
Sơn Ultra White,Sơn Ultra White,Hoá chất,A0000113,200,7,4.317,3.72,94.58,TBC,100,52,52,0
Vỏ nhám tím ⌗60 - C,Vỏ nhám tím #60 - C,Tools & Accessories,A0000114,200,7,4.346,3.76,95.38,PLUSCLO,100,50,-10,0
Bút fen,Bút fen,Bút,A0000118,130,5,3.896,3.37,85.51,PLUSCLO,100,100,-1,0
Bút ombre,Bút ombre,Bút,A0000119,130,5,3.916,3.39,85.95,PLUSCLO,100,100,-1,0
Vỏ nhám trắng ⌗60 - C,Vỏ nhám trắng #60 - C,Tools & Accessories,A0000122,200,7,1.129,0.97,24.62,"Zhejiang Sowell Commodity Co., Ltd.",100,500,-1,0
Set sơn mầu vẽ 12 lọ,Set sơn mầu vẽ 12 lọ,Hoá chất,A0000124,700,30,17.646,15.23,384.75,Bellinails,100,51,-1,0
Đá kê sơn,Kê sơn,Tools & Accessories,A0000125,70,3,3,3.00,3.00,TBD,100,999,-1,0
Sticker Bướm,Sticker Bướm,Design,A0000133,40,1.5,0.962,0.85,21.12,Betty,100,50,-1,0
Đá rắc 28g,Đá rắc,Design,A0000134,160,8,1.392,1.23,30.57,Betty,100,400,-1,0
Kê tay Silicon,Kê tay Silicon,Tools & Accessories,A0000135,160,8,1.842,1.63,40.45,Betty,100,100,-1,0
Bút mực vẽ,Bút mực vẽ,Design,A0000137,100,5,1.021,0.90,22.33,TBD,100,200,-3,0
5in1 Phá 2XC,5in1 Phá 2XC,Đầu bào,A0000138,210,10,4.231,3.75,92.55,TBD,100,100,-10,0
Bút đắp gel sz14,Bút đắp gel sz14,Bút,A0000143,170,7,2.281,2.02,49.89,TBD,100,200,-1,0
Tips thường gói 50c,Tips thường gói 50c,Tips,A0000148,15,0.6,,0.50,15.00,,100,,-20,0
Bút gel đỏ sz8,Bút gel đỏ sz8,Bút,A0000151,130,7,3.073,2.72,66.78,Baowang Brush,100,500,-1,0
In French,In French,Design,A0000166,130,5,0.729,0.70,17.29,Again,100,60,-1,0
Dao cắt fen,030722 Dao cắt Fen,Tools & Accessories,A0000167,180,8,0.529,0.51,12.55,Again,100,100,100,0
Sticker playboy,Sticker playboy,Design,A0000170,30,1,0.379,0.36,8.99,Again,100,400,-1,0
Gold foil,Gold foil,Design,A0000173,300,15,1.169,1.12,27.72,Again,100,100,-1,0
Bút gel - tròn 10,030722 Bút gel - tròn 10,Bút,A0000174,150,6,2.649,2.54,62.82,Again,100,393,-2,0
Bút gel quét mầu - tròn 8,030722 Bút gel quét mầu - tròn 8,Bút,A0000175,150,6,2.339,2.24,55.47,Again,100,206,-1,0
Set bào & vỏ mịn da chân,Set bào & vỏ mịn da chân,Đầu bào,A0000178,200,8,2.605,2.50,61.78,DBQ,100,50,50,0
Tips Vuông trong XXL,2208 Tips Vuông trong XXL,Tips,A0000188,290,10,2.3,2.24,55.18,TBR,100,50,-1,0
Bấm móng 777 Korea,2208 Bấm móng 777 Korea,Tools & Accessories,A0000189,120,6,2.9,2.81,68.39,https://diynailpolish.m.en.alibaba.com/index.html?wx_navbar_transparent=true&tracelog=sns_minisite,100,200,-20,0
Sticker Halloween Phát sáng,2208 Sticker Halloween Phát sáng,Design,A0000193,50,2,0.39,0.38,9.41,http://detail.m.1688.com/page/index.htm?offerId=649572052571,100,600,-4,0
Top matte 15ml,2208 Top matte,Hoá chất,A0000196,250,10,1.94,1.92,47.32,https://orinail.m.en.alibaba.com,100,200,-2,0
Foil gel,2208 Foil gel,Hoá chất,A0000197,250,10,2.04,2.02,49.76,https://unigelsystem.m.en.alibaba.com,100,100,-1,0
Sticker Playboy,2208 Playboy sticker,Design,A0000198,30,1,0.44,0.44,10.73,https://diynailpolish.m.en.alibaba.com,100,300,300,0
Bình xịt ombre bột,2208 Bình xịt ombre bột,Tools & Accessories,A0000201,200,8,3.59,3.60,88.69,https://mingxia.m.en.alibaba.com/company_profile.html,100,200,-1,0
Tay giả mềm,2208 Tay giả mềm,Tools & Accessories,A0000202,250,10,3.59,3.60,88.69,https://liaoke.m.en.alibaba.com/company_profile.html?wx_navbar_transparent=true&tracelog=sns_minisite,100,50,-1,0
Tay giả khớp,2208 Tay giả khớp,Tools & Accessories,A0000203,800,38,10.59,10.63,261.64,https://liaoke.m.en.alibaba.com/company_profile.html?wx_navbar_transparent=true&tracelog=sns_minisite,100,10,-1,0
Bút Gradient,2209 Bút Gradient,Bút,A0000209,130,5,0.8,0.80,19.68,Baowang Brush,100,100,-1,0
Đầu Chổi sắt,2209 W Đầu Chổi sắt,Đầu bào,A0000211,100,4,0.56,0.56,13.78,Wilson,100,200,-3,0
3in1 Mịn C - ngắn,2209 W 3in1 Mịn C - ngắn,Đầu bào,A0000214,200,8,2.67,2.68,65.68,Wilson,100,100,-2,0
3XC ULTRA,2209 W 3XC,Đầu bào,A0000219,200,8,2.67,2.68,65.68,Wilson,100,200,-3,0
5XC - Titan,2209 W 5XC - Titan,Đầu bào,A0000221,300,12,3.73,3.74,91.75,Wilson,100,100,-4,0
Bào nhám Diamond nhỏ - M,2209 IBL Bào nhám Diamond nhỏ - M,Đầu bào,A0000222,130,5,0.5,0.50,12.30,https://i-believe.m.en.alibaba.com/company_profile.html?wx_navbar_transparent=true&tracelog=sns_minisite,100,100,-1,0
Bào nhám Diamond to - C,2209 IBL Bào nhám Diamond - C,Đầu bào,A0000223,130,5,1.5,1.50,36.90,https://i-believe.m.en.alibaba.com/company_profile.html?wx_navbar_transparent=true&tracelog=sns_minisite,100,100,-5,0
Hoa 3D Design,2209 Hoa nhựa 3D,Design,A0000225,75,3,0.62,0.62,15.17,https://diynailpolish.m.en.alibaba.com/index.html?wx_navbar_transparent=true&tracelog=sns_minisite,100,100,-6,0
Sticker chữ,2209 Sticker chữ,Design,A0000230,30,1,0.26,0.26,6.36,http://detail.m.1688.com/page/index.htm?offerId=646554569603,100,800,-5,0
Tips Ballerina trong XXL,2209 Tip ballerina set,Tips,A0000232,290,10,2.12,2.12,51.89,https://vicovi.m.en.alibaba.com/index.html?wx_navbar_transparent=true&tracelog=sns_minisite,100,50,-1,0
Tip ballerina ngắn 4/5/5/6,2209 Tip ballerina ngắn 4/5/5/6,Tools & Accessories,A0000233,100,4,0.6,0.60,14.68,https://vicovi.m.en.alibaba.com/index.html?wx_navbar_transparent=true&tracelog=sns_minisite,100,100,100,0
Tip trong nhọn 4/5/5/6,2209 Tip trong nhọn 4/5/5/6,Tools & Accessories,A0000235,100,4,0.6,0.60,14.68,https://vicovi.m.en.alibaba.com/index.html?wx_navbar_transparent=true&tracelog=sns_minisite,100,100,100,0
Lá Trái tim set,2209 Lá Trái tim,Design,A0000239,120,6,0.68,0.68,16.64,https://diynailpolish.m.en.alibaba.com,100,51,-1,0
Bột màu 56g,2210 Bột màu 56g,Hoá chất,A0000250,300,12,1.79,1.84,45.28,BIN,100,500,-2,0
Máy xịt ombre gel,2211 Máy xịt ombre gel,Đồ điện,A0000251,1900,80,13.17,13.42,329.02,https://honhyda.m.en.alibaba.com/index.html?wx_navbar_transparent=true&tracelog=sns_minisite,100,100,-1,0
Sơn vẽ hũ Metallic 5g,2211 Sơn vẽ hữu Metallic,Design,A0000252,120,5,1.52,1.55,37.97,http://detail.m.1688.com/page/index.htm?offerId=658851912778,100,300,-1,0
Sơn vẽ hũ 5g,2211 Sơn vẽ hữu 5g,Design,A0000253,100,4,0.82,0.84,20.49,http://detail.m.1688.com/page/index.htm?offerId=670885013270,100,200,-1,0
Cuticle oil 15ml,2211 Cuticle oil 15ml,Hoá chất,A0000254,100,4,1.08,1.10,26.98,https://jting.m.en.alibaba.com/company_profile.html?wx_navbar_transparent=true&tracelog=sns_minisite,100,500,-1,0
Gel vẽ màng nhện 5g,2211 Gel vẽ màng nhện 5g,Design,A0000256,100,4,1.18,1.20,29.48,https://jting.m.en.alibaba.com/company_profile.html?wx_navbar_transparent=true&tracelog=sns_minisite,100,200,-1,0
Nhám trắng M ⌗240 (1000c),2211 Nhám trắng M ⌗240 (1000c),Tools & Accessories,A0000258,1000,40,9,8.83,214.47,https://bolly.m.en.alibaba.com/company_profile.html,100,50,-1,0
Tips trong nhọn dài,2211 Tip trong nhọn dài,Tips,A0000259,290,10,1.4,1.37,33.36,https://vicovi.m.en.alibaba.com/company_profile.html,100,200,-1,0
Lẻ - Tip Trong nhọn,2211 Lẻ - Tip Trong nhọn - 7-8-9,Tips,A0000260,20,0.7,0.45,0.44,10.72,https://i-believe.m.en.alibaba.com/company_profile.html?wx_navbar_transparent=true&tracelog=sns_minisite,100,600,-10,0
Bào Diamond Cuticle 2.5mm,2211 Bào Diamond Cuticle 2.5mm,Đầu bào,A0000261,100,4,1.13,1.11,26.93,https://i-believe.m.en.alibaba.com/company_profile.html?wx_navbar_transparent=true&tracelog=sns_minisite,100,100,-1,0
Sticker F Noel - 3D,2211 Sticker F Noel,Design,A0000262,50,2,0.4,0.39,9.53,https://diynailpolish.m.en.alibaba.com/company_profile.html?wx_navbar_transparent=true&tracelog=sns_minisite,100,500,-5,0
Sticker STZ Noel - 5D,2211 Sticker STZ Noel,Design,A0000263,75,3,0.8,0.78,19.06,https://diynailpolish.m.en.alibaba.com/company_profile.html?wx_navbar_transparent=true&tracelog=sns_minisite,100,1000,-5,0
Kéo,2212 Kéo,Tools & Accessories,A0000266,120,6,1.77,1.67,40.29,http://detail.m.1688.com/page/index.htm?offerId=644449092826,100,400,-1,0
Máy Bào Btmarathon 3,2212 Máy Bào Btmarathon 3,Đồ điện,A0000267,3600,150,50.67,47.69,"1,153.38",https://kaxma.m.en.alibaba.com/index.html?wx_navbar_transparent=true&tracelog=sns_minisite,100,5,-2,0
Bút chấm bi set 5c,2212 Bút chấm bi set 5c,Tools & Accessories,A0000268,120,5,1.47,1.38,33.46,Hefei,100,100,-1,0
Cán dao cạo chân - hồng,2212 Cán dao cạo chân - hồng,Tools & Accessories,A0000270,120,5,1.4,1.32,31.87,Hefei,100,100,-2,0
Đèn LED pin cầm tay,2212 Đèn LED pin cầm tay,Đồ điện,A0000271,250,10,2.37,2.23,53.95,https://diynailpolish.m.en.alibaba.com/company_profile.html?wx_navbar_transparent=true&tracelog=sns_minisite,100,100,-1,0
Khay inox,2212 Khay inox,Tools & Accessories,A0000272,150,6,2.02,1.90,45.98,Hefei,100,20,-5,0
Tay thay máy bào di động,2507 Tay thay máy bào di động,Đồ điện,A0001032,900,35,15.194,12.87,317.44,https://x.alibaba.com/B00Qej?ck=minisite,100,10,-2,0
Cây đẩy da inox japan,2212 cây đẩy da inox japan,Tools & Accessories,A0000276,50,2,0.71,0.67,16.16,Tran Ngot,100,200,200,0
3XC Hoa cúc ULTRA,2212 3XC Hoa cúc,Đầu bào,A0000277,180,8,2.48,2.33,56.45,Xiangrui,100,400,-2,0
Bút quan tài,2212 Bút quan tài,Bút,A0000278,1500,60,32.2,30.31,732.96,Joyrich,100,50,50,0
Bút vẽ 2 đầu - 10/20mm,2212 Bút vẽ 10/20mm,Bút,A0000281,309,12,2.95,2.78,67.15,Yihuale,100,100,-1,0
Kéo - dài,2212 Kéo - dài,Tools & Accessories,A0000282,200,8,1.04,0.98,23.67,http://detail.m.1688.com/page/index.htm?offerId=650604977308,100,100,-1,0
4XC - Titan,2301 4XC Titan,Đầu bào,A0000287,300,12,3.64,3.46,83.22,Wilson,100,100,93,0
4XC trục nhỏ,2301 4XC trục nhỏ,Đầu bào,A0000290,200,8,3.64,3.46,83.22,Wilson,100,100,-1,0
Vỏ nhám trắng M ⌗240 (100c),2301 Nhám trắng M ⌗240 (100c),Tools & Accessories,A0000291,150,6,1.37,1.28,30.60,https://bolly.m.en.alibaba.com/company_profile.html,100,500,-1,0
Găng tay Latex trắng - S,2301 Găng tay Latex - S,Tools & Accessories,A0000292,200,8,3.75,3.49,83.76,1688-vchat,100,60,-20,0
Găng tay Latex trắng - M,2301 Găng tay Latex - M,Tools & Accessories,A0000293,200,8,3.75,3.49,83.76,1688-vchat,100,40,-3,0
Chà chân 2 mặt,2301 Chà chân 2 mặt,Tools & Accessories,A0000296,25,1,0.64,0.60,14.30,https://charmcore.m.en.alibaba.com/index.html?wx_navbar_transparent=true&tracelog=sns_minisite,100,5000,-10,0
Nước rửa cọ 120ml,2301 Nước rửa cọ 120ml,Hoá chất,A0000299,450,18,8.68,8.01,192.37,Baowang,100,50,-1,0
Bào gầm,2511 Bào gầm,Đầu bào,A0001180,180,8,3.038,2.64,63.81,Xiangrui,100,200,-2,0
Gel đính đá,2304 Gel đính đá,Hoá chất,A0000309,200,5,0.83,0.75,17.61,Huiaian Gel - vchat,100,200,-1,0
BNS keo,2304 BNS keo,Hoá chất,A0000317,12,0.6,0.43,0.39,9.00,NSN,100,500,-250,0
15ml top coat tím loãng,2305 15ml thin top coat,Top Coat,A0000326,200,10,5.36,4.87,114.06,Aosmei,100,50,-1,0
Tip Trong Vuông XXL - Lẻ,2306 Tip Trong Vuông XXL - Lẻ,Tips,A0000347,25,1,0.3,0.28,6.59,https://i-believe.m.en.alibaba.com/index.html?wx_navbar_transparent=true&tracelog=sns_minisite&from=share&ckvia=share_9e6970c106ed408eb9bc5e6c7f05f9fe,100,2280,-10,0
Chổi phủi bàn,2306 Chổi phủi bàn,Tools & Accessories,A0000352,180,8,4.54,4.14,98.49,http://detail.m.1688.com/page/index.htm?offerId=659065456090,100,100,-1,0
Spa tablets 2gal 4000 viên,2307 Spa tablets 2gal 4000 viên,Hoá chất,A0000354,4300,180,160.62,147.18,"3,484.17",https://novalbeauty.m.en.alibaba.com/company_profile.html?wx_navbar_transparent=true&tracelog=sns_minisite&from=share&ckvia=share_b461dbbe4d0349f69459beffa6fd262d,100,10,-1,0
Nhũ đường,2307 Nhũ đường,Design,A0000356,250,10,3.19,2.86,68.14,https://diynailpolish.m.en.alibaba.com/index.html?wx_navbar_transparent=true&tracelog=sns_minisite&from=share&ckvia=share_f08958a6b44b41bca003d5bc1bc3fe0d,100,140,-4,0
Bút quan tài sz18,2307 Bút quan tài sz18,Bút,A0000365,1300,53,22.27,20.02,481.26,https://yalixin.m.en.alibaba.com/index.html?wx_navbar_transparent=true&tracelog=sns_minisite&from=share&ckvia=share_70fde0c0b26544ce82b905391b0e1b56,100,40,-1,0
Bút gel - vuông 10,2307 Bút gel sz10,Bút,A0000370,150,6,2.7,2.43,58.35,https://bwbrush.m.en.alibaba.com/index.html?wx_navbar_transparent=true&tracelog=sns_minisite&from=share&ckvia=share_fe590237805647ccb9014088011a323a,100,500,-1,0
Súng bào korea,2307 Sùng bào Korea,Đồ điện,A0000375,350,15,5.28,4.75,114.10,https://kaxma.m.en.alibaba.com/index.html?wx_navbar_transparent=true&tracelog=sns_minisite&from=share&ckvia=share_893c91cb5a4648e4985e2b5edee239fc,100,100,-1,0
XC,2307 XC,Đầu bào,A0000380,180,8,3.33,2.99,71.96,Wilson,100,100,-3,0
Bao ngón cái 500c,2307 Bao ngón cái 500c,Tools & Accessories,A0000383,100,4,2.32,2.09,50.14,https://mobile.yangkeduo.com/goods1.html?goods_id=70480066751&page_from=101&pxq_secret_key=DPCCZCQ3HB7CJMWXZL4CZZF7KLQG2FRVQGQQD4KWRZZVE7VVD42Q&_oak_share_snapshot_num=345&_oak_share_detail_id=2394207588&_oak_share_time=1690137736&share_uin=LMFXQUT2Z5PQEI6DL5HUNYXJJI_GEXDA&refer_share_id=a0437d64a0054cd3b8ef1862bab21f78&refer_share_uin=LMFXQUT2Z5PQEI6DL5HUNYXJJI_GEXDA&refer_share_channel=copy_link&refer_share_form=text,100,50,-1,0
Top coat 500ml,2308 Top coat 500ml,Top Coat,A0000393,2200,80,40.31,37.09,893.61,https://vinimay.m.en.alibaba.com/index.html?wx_navbar_transparent=true&tracelog=sns_minisite&from=share&ckvia=share_25327474c8234b57bbae310757027b52,100,20,-4,0
Chrome trắng gương 1g,2507 Chrome Trắng Gương 1g,Design,A0001062,120,10,5.657,4.82,118.18,https://x.alibaba.com/1l9badz?ck=minisite,100,100,-1,0
Top matte 250ml,2308 Top matte 250ml,Hoá chất,A0000395,1200,50,14.31,13.17,317.23,https://orinail.m.en.alibaba.com/index.html?wx_navbar_transparent=true&tracelog=sns_minisite&from=share&ckvia=share_9bb4e39e42844ceb9078554f36d81029,100,50,-1,0
Chà chân 1 lần 400c,2309 Chà chân 1 lần 400c xanh,Tools & Accessories,A0000402,1300,55,23.185,21.74,532.49,https://xmpumice.m.en.alibaba.com/index.html?wx_navbar_transparent=true&tracelog=sns_minisite&from=share&ckvia=share_b24e38df700640e6a097da644812b266,100,32,-1,0
Bào mịn Diamond - M,2309 Bào nhám Diamond M - to,Đầu bào,A0000407,100,4,1.19,1.12,27.27,Xiangrui,100,50,-1,0
Mịn Fusion - C,2309 Mịn Fusion - C,Đầu bào,A0000412,170,8,3.29,3.09,75.39,Xiangrui,100,50,-2,0
Mịn Fusion - F,2309 Mịn Fusion - F,Đầu bào,A0000413,170,8,3.29,3.09,75.39,Xiangrui,100,50,50,0
3XC răng thẳng,2309 3XC răng thẳng,Đầu bào,A0000414,180,8,3.49,3.28,79.97,Xiangrui,100,50,-5,0
4XC răng thẳng,2309 4XC răng thẳng,Đầu bào,A0000415,180,8,3.49,3.28,79.97,Xiangrui,100,50,-2,0
Trục nhám rẻ,2309 Trục nhám rẻ,Đầu bào,A0000416,50,2,0.39,0.37,8.94,Xiangrui,100,200,-2,0
Bút cán gỗ sz18,2309 Bút cán gỗ sz18,Bút,A0000420,1300,53,21.73,20.41,497.91,https://yalixin.m.en.alibaba.com/index.html?wx_navbar_transparent=true&tracelog=sns_minisite&from=share&ckvia=share_134e9a7cfe724a84ad8e1d27ebbc628a,100,50,-1,0
Chrome liquid - ngọc trai,2310 Chrome liquid - ngọc trai,Design,A0000434,120,5,2.54,2.42,58.91,https://jting.m.en.alibaba.com/index.html?wx_navbar_transparent=true&tracelog=sns_minisite&from=share&ckvia=share_7be69ad4725b4df8a7d126e4647adb79,100,100,-2,0
Base coat 250ml,2505 Base coat 250ml,Hoá chất,A0000989,1200,50,11.831,10.51,261.78,https://x.alibaba.com/AzbocS?ck=minisite,100,60,-1,0
Top loang - Blooming gel 15ml,2509 Blooming gel,Hoá chất,A0001104,250,10,3.745,3.20,77.64,Beshyne,100,204,-1,0
5in1 Pedicure kit xanh,2312 Pedicure kit 5in1 200c,Tools & Accessories,A0000457,1470,60,21.84,20.28,491.06,https://xmpumice.m.en.alibaba.com/index.html?wx_navbar_transparent=true&tracelog=sns_minisite&from=share&ckvia=share_c578aafc580c424097d4ce07fad5606b,100,60,42,0
Buffer đen cam 3 mặt,2312 Buffer đen cam 3 mặt,Tools & Accessories,A0000460,12,0.5,0.45,0.42,10.12,https://xmpumice.m.en.alibaba.com/index.html?wx_navbar_transparent=true&tracelog=sns_minisite&from=share&ckvia=share_c578aafc580c424097d4ce07fad5606b,100,5000,-10,0
Tip ballerina - lẻ,2312 Típ ballerina - Lẻ,Tips,A0000464,20,0.8,0.65,0.60,14.61,https://i-believe.m.en.alibaba.com/index.html?wx_navbar_transparent=true&tracelog=sns_minisite&from=share&ckvia=share_d1191dc4aebf4fe58c6d57e0455881aa,100,3800,-10,0
Kim tuyến DL10-18,2312 Kim tuyến DL10-18,Design,A0000466,250,10,2.57,2.39,57.79,https://kingch.m.en.alibaba.com/index.html?wx_navbar_transparent=true&tracelog=sns_minisite&from=share&ckvia=share_f2735d87c1fd4b1fb23bd0c235122019,100,450,-2,0
Kim tuyến DL01-09,2312 Kim tuyến DL01-09,Design,A0000467,250,10,1.29,1.20,29.01,https://kingch.m.en.alibaba.com/index.html?wx_navbar_transparent=true&tracelog=sns_minisite&from=share&ckvia=share_f2735d87c1fd4b1fb23bd0c235122019,100,450,-1,0
Kim tuyến sáng 23g DL01-09,2312 Kim tuyến sáng 23g DL01-09,Design,A0000468,150,6,2.05,1.90,46.09,https://x.alibaba.com/AvFVic?ck=pdp,100,400,-18,0
Cốc liquid,2312 Cốc liquid,Tools & Accessories,A0000470,100,4,1.74,1.62,39.12,https://lnbeautycare.m.en.alibaba.com/index.html?wx_navbar_transparent=true&tracelog=sns_minisite&from=share&ckvia=share_82c4adc0971b437886bd4fe37972c29d,100,240,-1,0
XXS - Đầu tròn ULTRA,2312 XXS - Đầu tròn,Đầu bào,A0000471,180,8,2.49,2.31,55.99,https://bolly.m.en.alibaba.com/index.html?wx_navbar_transparent=true&tracelog=sns_minisite&from=share&ckvia=share_ca3374b0d75246e8ab5d15d22a58f441,100,200,-3,0
Bào viên đạn,2312 Bào viên đạn,Đầu bào,A0000473,180,8,2.78,2.58,62.51,https://bolly.m.en.alibaba.com/index.html?wx_navbar_transparent=true&tracelog=sns_minisite&from=share&ckvia=share_ca3374b0d75246e8ab5d15d22a58f441,100,200,200,0
4XC Đầu tròn ULTRA,2312 4XC - Đàu tròn,Đầu bào,A0000478,180,8,2.49,2.31,55.99,https://bolly.m.en.alibaba.com/index.html?wx_navbar_transparent=true&tracelog=sns_minisite&from=share&ckvia=share_ca3374b0d75246e8ab5d15d22a58f441,100,400,-83,0
Cán dao cạo chân - đen,2507 Cán dao cạo chân  - đen,Tools & Accessories,A0001050,130,5,1.19,1.01,24.96,http://detail.m.1688.com/page/index.htm?offerId=848686225075,100,100,-2,0
Nhũ đường - T,2308 nhũ đường - T,Design,A0000480,250,10,0.8725,0.81,19.62,https://kingch.m.en.alibaba.com/index.html?wx_navbar_transparent=true&tracelog=sns_minisite&from=share&ckvia=share_f2735d87c1fd4b1fb23bd0c235122019,100,60,-1,0
Kem mềm da,2312 Kem mềm da,Hoá chất,A0000482,870,35,19.62,17.92,440.58,DV golden nails,100,20,-1,0
Liquid mango,2312 Liquid mango,Hoá chất,A0000483,1600,65,49.05,44.81,"1,101.45",DV golden nails,100,12,-3,0
Vỏ nhám Mini - 100c,2401 Vỏ nhám Mini - 100c,Tools & Accessories,A0000494,150,6,2.09,1.91,47.23,https://bolly.m.en.alibaba.com/index.html?wx_navbar_transparent=true&tracelog=sns_minisite&from=share&ckvia=share_355cc2e0b6c04c458abc1936263f8b62,100,100,-1,0
Vỏ nhám Mini - 1000c,2401 Vỏ nhám Mini - 1000c,Tools & Accessories,A0000495,1000,40,17.03,15.60,384.85,https://bolly.m.en.alibaba.com/index.html?wx_navbar_transparent=true&tracelog=sns_minisite&from=share&ckvia=share_355cc2e0b6c04c458abc1936263f8b62,100,50,-1,0
Vỏ nhám trắng ⌗150 - M,2401 Vỏ nhám trắng ⌗150 (100c),Tools & Accessories,A0000497,200,7,1.41,1.29,31.86,https://bolly.m.en.alibaba.com/index.html?wx_navbar_transparent=true&tracelog=sns_minisite&from=share&ckvia=share_355cc2e0b6c04c458abc1936263f8b62,100,700,-2,0
Súng bào máy tím,2401 Súng bào máy tím,Đồ điện,A0000504,1200,50,35.4,32.55,805.13,https://x.alibaba.com/AvWs2m?ck=minisite,100,50,-1,0
Vòng bi dưới máy tím - to,2401 Vòng bi dưới máy tím - to,Đồ điện,A0000506,170,7,2.9,2.67,65.96,https://x.alibaba.com/AvWs2m?ck=minisite,100,100,-3,0
Vòng bi dưới máy tím - nhỏ,2401 Vòng bi dưới máy tím - nhỏ,Đồ điện,A0000507,150,6,2.9,2.67,65.96,https://x.alibaba.com/AvWs2m?ck=minisite,100,100,-2,0
Bột - Natural white,2401 Bột - Natural White,Bột,A0000511,840,35,20.95,19.27,476.93,Keystone,100,34,-1,0
Xô Gel Scrub - Mint 23KG,2506 Xô Gel Scrub Mint - 20KG,Hoá chất,A0001007,2750,110,76.896,67.29,"1,663.86",Noval,100,80,-1,0
Cuticle Oil - Pineapple 1gal,2403 Cuticle Oil - Pineapple 1gal,Hoá chất,A0000516,875,35,19.905,18.27,459.91,https://x.alibaba.com/Avz0TD?ck=minisite,100,50,-1,0
Top coat tím Medium 500ml,2403 Top coat tím Medium 500ml,Top Coat,A0000519,2200,80,25.582,23.49,591.07,https://x.alibaba.com/Avz14z?ck=minisite,100,52,-1,0
Top coat tím Medium 15ml,2403 Top coat tím Medium 15ml,Top Coat,A0000520,200,8,1.681,1.54,38.84,https://x.alibaba.com/Avz14z?ck=minisite,100,100,-1,0
Color Acrylic powder 2oz,2403 Color Acrylic powder 2oz,Bột,A0000523,250,10,3.612,3.32,83.46,https://x.alibaba.com/Avz1sf?ck=minisite,100,1953,-1,0
Tay bào Trắng Korea,2403 Tay bào Trắng Korea,Đồ điện,A0000524,2000,80,25.003,22.96,577.70,https://x.alibaba.com/AvzQXH?ck=minisite,100,20,-1,0
Súng tay bào Trắng Korea,2403 Súng tay bào Trắng Korea,Đồ điện,A0000525,375,15,6.592,6.05,152.31,https://x.alibaba.com/AvzQXH?ck=minisite,100,20,-2,0
Máy bào Korea Trắng,2403 Máy bào Korea Trắng,Đồ điện,A0000526,3600,150,39.654,36.41,916.21,https://x.alibaba.com/AvzQXH?ck=minisite,100,24,-2,0
Típ làm mẫu 20 màu 10 bảng/set,2403 Típ làm mẫu 20 màu 10 bảng/set,Tools & Accessories,A0000528,100,4,0.678,0.62,15.67,https://x.alibaba.com/AvzRXn?ck=minisite,100,50,-2,0
Tay cầm bấm móng inox,2403 Bấm móng inox,Tools & Accessories,A0000531,150,6,104.351,95.81,"2,411.03",https://x.alibaba.com/AvzRXn?ck=minisite,100,100,-1,0
Dũa nhỏ Precision 100/100,2403 Dũa nhỏ Precision 100/100,Dũa,A0000533,375,15,5.218,4.79,120.56,https://x.alibaba.com/AvzRee?ck=minisite,100,50,-2,0
Tips natur ballerina ngắn,2403 Típ ballerina ngắn,Tips,A0000543,290,10,2.273,2.10,53.20,https://x.alibaba.com/Aw4ZEH?ck=minisite,100,200,-10,0
Lõi súng G5,2404 Lõi súng G5,Đồ điện,A0000549,1250,50,25.969,24.32,614.12,https://x.alibaba.com/AwF9vE?ck=minisite,100,20,-2,0
Dây tay máy tím 3 chân,2404 Dây tay máy tím 3 chân,Đồ điện,A0000551,150,6,2.597,2.43,61.41,https://x.alibaba.com/AwF9vE?ck=minisite,100,100,-2,0
Bột - Intense Pink,2510 Bột - Intense Pink,Bột,A0001134,840,35,22.907,19.67,477.31,Keystone,100,34,-2,0
Bút đắp hoa 3D 2 đầu,2510 bút đắp hoa nổi,Bút,A0001156,450,18,7.868,6.76,163.94,https://x.alibaba.com/1l9vO6R?ck=minisite,100,50,-1,0
Bút đắp bột Davie sz16,2510 bút đắp bột Davie sz16,Bút,A0001157,1200,48,22.653,19.45,472.02,https://x.alibaba.com/1l9vO6R?ck=minisite,100,50,-1,0
Chổi rắc nhũ,2405 Bút rắc nhũ,Bút,A0000572,90,4,0.884,0.82,20.59,https://x.alibaba.com/AwOLq8?ck=minisite,100,50,-4,0
Bút vẽ cọ,2405 Bút vẽ cọ,Bút,A0000573,125,5,1.712,1.59,39.88,https://x.alibaba.com/AwOLq8?ck=minisite,100,50,50,0
Bút vẽ hoa cúc,2405 Bút vẽ hoa cúc,Bút,A0000574,125,5,1.602,1.49,37.31,https://x.alibaba.com/AwOLq8?ck=minisite,100,50,-1,0
Dây cắm O japan,2405 Dậy cắm O super up200,Đồ điện,A0000582,150,6,2.614,2.43,60.92,https://x.alibaba.com/AwPkcD?ck=minisite,100,100,-2,0
Mịn thông XF,2405 Mịn thông XF,Đầu bào,A0000583,180,8,2.76,2.57,64.32,https://x.alibaba.com/AwPl5N?ck=minisite,100,100,-1,0
5in1 Phá volcano 4XC,2405 5in1 Phá Volcano,Đầu bào,A0000586,210,10,2.614,2.43,60.92,https://x.alibaba.com/AwPl5N?ck=minisite,100,100,-2,0
5XC,2405 5XC,Đầu bào,A0000588,180,8,2.457,2.29,57.26,https://x.alibaba.com/AwPl5N?ck=minisite,100,100,-10,0
XXS đầu vác,2405 XXS đầu vác,Đầu bào,A0000590,180,8,2.719,2.53,63.36,https://x.alibaba.com/AwPl5N?ck=minisite,100,100,-10,0
Biển google review,2405 Biển google review,Tools & Accessories,A0000592,500,20,3.032,2.82,70.66,https://x.alibaba.com/AwPlPc?ck=minisite,100,200,-1,0
Trục nhám Mini,2405 Trục nhám mini,Tools & Accessories,A0000593,150,6,2.032,1.87,46.31,https://x.alibaba.com/AwPl5N?ck=minisite,100,200,-4,0
Bút gel - vuông 6,2405 Bút gel sz 6 - vuông,Bút,A0000594,150,6,1.802,1.66,41.07,https://x.alibaba.com/AwYSgU?ck=minisite,100,300,-3,0
Bút gel quét mầu - vuông 8,2405 Bút gel sz 8 - vuông,Bút,A0000595,150,6,1.952,1.80,44.49,https://x.alibaba.com/AwYSgU?ck=minisite,100,300,-2,0
Keo DNS Pro 1s,2507 Keo DNS,Hoá chất,A0001034,12,0.5,0.146,0.12,3.05,https://x.alibaba.com/B00Qjy?ck=minisite,100,5000,-200,0
Ultraschall reiniger 5L,2406 Ultraschallreiniger 5L,Hoá chất,A0000601,550,20,11.217,10.47,258.63,Hoefer,100,48,-1,0
Kìm Nghĩa D555,2507 Kìm Nghĩa D555,Tools & Accessories,A0001027,190,8,3.667,3.11,76.61,Tran Thi Ngot,100,100,-2,0
50ml - Gel đắp IBD PINK,2509 Gel đắp IBD PINK 50ml,Gel đắp,A0001092,350,14,4.444,#N/A,91.83,https://x.alibaba.com/1l9oSxz?ck=minisite,100,60,-1,0
Chrome base coat 15ml,2509 Chrome Base Coat 15ml,Top Coat,A0001105,250,10,4.215,3.60,87.38,https://x.alibaba.com/1l9rNK0?ck=minisite,100,200,-1,0
Nam châm Mắt mèo thường,2507 Nam châm mắt mèo,Tools & Accessories,A0001054,50,2,0.61,0.53,12.95,http://detail.m.1688.com/page/index.htm?offerId=721867709022,100,100,-3,0
Chrome ngọc trai 1g,2507 Chrome ngọc trai trắng 1g,Design,A0001031,120,5,0.444,0.38,9.28,https://x.alibaba.com/B00QcV?ck=minisite,100,1000,-1,0
Nhũ đường D hũ 50gram,2406 Nhũ đường D hũ 50gram,Design,A0000618,250,10,1.746,1.63,40.76,https://x.alibaba.com/AwnOmP?ck=minisite,100,60,-1,0
15ml top coat tím đặc,2406 15ml top coat đặc,Top Coat,A0000622,200,10,1.177,1.10,27.47,Aosmei Senia W,100,30,-4,0
Khẩu trang y tế,Khẩu trang y tế,Tools & Accessories,A0000623,50,2,1.07,1.00,25.00,Mẹ Marek,100,999,-22,0
Bào nâng gầm,2406 Bào nâng gầm,Đầu bào,A0000624,180,8,3.223,3.01,74.66,Xiangrui,100,200,-3,0
4XC - Đầu tròn v2,2506 4XC Đầu tròn v2,Đầu bào,A0001017,200,8,2.754,2.34,58.08,Wilson,100,200,-2,0
3in1 Mịn C - dài,2506 Mịn 3in1 C - Dài,Đầu bào,A0001016,200,8,2.536,2.15,53.48,Wilson,100,100,-2,0
Bút đắp bột - kim cương - sz18,2507 Bút đắp bột - kim cương - sz18,Bút,A0001053,1300,53,23.324,20.09,495.31,https://x.alibaba.com/1l9aT5I?ck=minisite,100,200,-1,0
Nhám đỏ manicure,2407 Nhám đỏ,Tools & Accessories,A0000641,375,15,9.6833,9.03,227.30,kevin vo viber +16145796612,100,200,-1,0
Máy bào Marathon 3 bạc,2407 Máy Marathon 3 Champion bạc,Đồ điện,A0000645,3600,150,45.968,42.84,"1,079.04",loboter,100,48,-1,0
Dây cắm 3 châm Korea,2407 Dây cắm 3 châm Korea,Đồ điện,A0000646,150,6,2.419,2.25,56.78,loboter,100,50,-2,0
Đèn bàn LED đen,2407 Đèn bàn LED đen,Đồ điện,A0000648,1500,60,33.872,31.57,795.10,https://x.alibaba.com/Awrmxn?ck=minisite,100,100,-1,0
Cốc nắp vặn liquid,2507 Cốc nắp vặn liquid,Tools & Accessories,A0001035,100,4,2.7824385,2.36,49.24,DV GOLDEN NAILS,100,1200,-2,0
Set lọ inox đựng bột liquid,2407 Set lọ inox đựng bột liquid,Tools & Accessories,A0000651,300,12,7.258,6.76,170.37,https://x.alibaba.com/AwrnZT?ck=minisite,100,50,-1,0
Kê bàn trưng bày,2407 Kê bán trừng bày,Tools & Accessories,A0000652,150,6,2.419,2.25,56.78,https://x.alibaba.com/AwrnZT?ck=minisite,100,10,-1,0
Cốc đựng bột trái tim,2407 Cốc đựng bột trái tim,Tools & Accessories,A0000653,100,4,2.359,2.20,55.37,https://x.alibaba.com/Awrnhq?ck=minisite,100,96,-6,0
Hộp đựng dụng cụ,2407 Hộp đựng dụng cụ,Tools & Accessories,A0000656,30,1.2,0.786,0.73,18.45,https://x.alibaba.com/Awro1X?ck=minisite,100,100,-50,0
Túi Đá nhỏ - bạc,2407 Túi Đá nhỏ - bạc,Design,A0000660,100,4,0.544,0.51,12.77,https://x.alibaba.com/Awro1X?ck=minisite,100,100,-2,0
Túi Đá nhỏ - 7 màu,2407 Túi Đá nhỏ - 7 màu,Design,A0000661,100,4,0.605,0.56,14.20,https://x.alibaba.com/Awro1X?ck=minisite,100,100,-1,0
Biển mẫu 50 NailArt,2407 Bảng tip display,Tools & Accessories,A0000662,100,4,1.512,1.41,35.49,https://x.alibaba.com/Awro1X?ck=minisite,100,50,-3,0
Típ cho bảng tip display,2407 Típ cho bảng tip display,Tools & Accessories,A0000663,50,2,0.484,0.45,11.36,https://x.alibaba.com/Awro1X?ck=minisite,100,200,-10,0
Quyển bảng màu marble 160,2407 Quyển bảng màu marble 160,Tools & Accessories,A0000664,250,10,3.387,3.16,79.51,https://x.alibaba.com/Awro82?ck=minisite,100,20,-1,0
Quyển bảng màu gold 120,2407 Quyển bảng màu gold 120,Tools & Accessories,A0000665,250,10,4.113,3.83,96.55,https://x.alibaba.com/Awro82?ck=minisite,100,10,-1,0
Quyển bảng màu gold 216,2407 Quyển bảng màu gold 216,Tools & Accessories,A0000666,250,10,5.081,4.74,119.27,https://x.alibaba.com/Awro82?ck=minisite,100,10,-1,0
Quyển bảng màu to 300,2407 Quyển bảng màu to 300,Tools & Accessories,A0000667,625,25,14.516,13.53,340.75,https://x.alibaba.com/Awro82?ck=minisite,100,10,-1,0
Dũa nhỏ Precision 80/80,2407 Dũa Precision 80/80,Dũa,A0000670,375,15,5.18,4.79,120.86,https://x.alibaba.com/Awvg9I?ck=minisite,100,100,-1,0
Đèn vòng bàn - trắng,2407 Đèn vòng bàn - trắng,Đồ điện,A0000673,1975,79,28.18,26.06,657.49,https://x.alibaba.com/Awvgmf?ck=minisite,100,40,-1,0
Thùng Túi y tế 4000c,2407 Thùng Túi y tế 4000c,Pedicure,A0000674,4500,180,39.18,36.23,914.14,https://x.alibaba.com/Awvged?ck=minisite,100,25,-1,0
Thùng Mini buffer 1500c,2407 Thùng Mini buffer 1500c,Pedicure,A0000675,2500,100,23.13,21.39,539.66,https://x.alibaba.com/Awvged?ck=minisite,100,5,-1,0
Thùng Dũa mini 5000c,2407 Thùng Dũa mini 5000c,Pedicure,A0000676,6000,240,80.18,74.14,"1,870.74",https://x.alibaba.com/Awvged?ck=minisite,100,5,-1,0
5XC - Titan Xanh,2407 5XC - Titan,Đầu bào,A0000680,375,15,6.474,5.95,150.02,https://x.alibaba.com/Ax2TFK?ck=minisite,100,50,-2,0
4XC - tròn nhỏ,2408 4XC Tròn nhỏ,Đầu bào,A0000689,200,8,2.41,2.18,54.96,Wilson,100,100,-1,0
Bút quan tài sz16,2408 Bút quan tài sz16,Bút,A0000690,1200,48,19.949,18.07,454.97,https://x.alibaba.com/AxH2nc?ck=minisite,100,50,-2,0
Tay bào Korea bạc,2408 Tay bào Korea bạc,Đồ điện,A0000693,2000,80,22.278,20.18,508.09,https://x.alibaba.com/AxH36C?ck=minisite,100,40,-2,0
Chổi than japan,2408 Chổi than Japan,Đồ điện,A0000694,250,10,1.013,0.92,23.10,https://x.alibaba.com/AxH37i?ck=minisite,100,200,-2,0
Mài da khoé,2408 Mài da khoé,Đầu bào,A0000695,170,8,2.9,2.61,65.51,Xiangrui,100,100,-2,0
Bào mịn 3in1 - F,2408 3in1 Mịn F,Đầu bào,A0000696,170,8,2.9,2.61,65.51,Xiangrui,100,100,-2,0
Đèn cầu vòng đính đá,2508 Đèn cầu vòng - đính đá,Đồ điện,A0001079,1975,79,39.876,34.04,831.75,https://x.alibaba.com/1l9dy9j?ck=minisite,100,40,-4,0
Chrome ngọc trai 7 màu,2408 Chrome ngọc trai 7 màu,Design,A0000699,125,5,4.13,3.71,93.13,https://x.alibaba.com/AxKrfz?ck=minisite,100,100,-2,0
Chả gọt chân Inox,2408 Chà gọt chân,Tools & Accessories,A0000700,200,8,1.202,1.08,27.11,http://detail.m.1688.com/page/index.htm?offerId=533041350611,100,300,-2,0
Xốp kẹp chân 1000c,2408 Xốp kẹp chân 2000c,Tools & Accessories,A0000704,1000,40,23.563,21.20,531.01,https://x.alibaba.com/AxMaiO?ck=minisite,100,20,-1,0
Kê tay da - ghi,2408 Kê tay da - ghi,Tools & Accessories,A0000706,200,8,3.273,2.94,73.76,https://x.alibaba.com/AxMaWa?ck=minisite,100,100,-3,0
Bào gầm khoé nhọn,2409 Bào gầm khoé nhọn,Đầu bào,A0000708,180,8,2.853,2.57,64.34,Xiangrui,100,200,-1,0
Bào gầm mỏng,2409 Bào gầm mỏng,Đầu bào,A0000709,170,8,2.853,2.57,64.34,Xiangrui,100,200,-1,0
Chổi đánh bóng,2409 Chổi đánh bóng,Đầu bào,A0000710,100,4,0.603,0.54,13.60,Xiangrui,100,100,-10,0
Bào gầm răng thẳng,2409 Bào gầm răng thẳng,Đầu bào,A0000711,200,8,2.853,2.57,64.34,Xiangrui,100,200,-10,0
5XC - đầu tròn,2409 5XC Đầu tròn,Đầu bào,A0000712,180,8,2.853,2.57,64.34,Xiangrui,100,100,-2,0
M - to tròn,2409 M to tròn,Đầu bào,A0000713,180,8,2.853,2.57,64.34,Xiangrui,100,100,-1,0
M - nhỏ,2409 M nhỏ,Đầu bào,A0000714,180,8,2.853,2.57,64.34,Xiangrui,100,200,-1,0
Bào mịn 3in1 - M,2409 3in1 Mịn M,Đầu bào,A0000715,200,8,3.203,2.89,72.24,Xiangrui,100,200,-1,0
2XC Đầu vát,2409 2XC Đầu vát,Đầu bào,A0000716,180,8,2.853,2.57,64.34,Xiangrui,100,100,-1,0
Bột màu 56g Nude collection,2409 Bột màu 56g Nude collection,Bột,A0000717,300,12,4.699,4.23,105.95,https://x.alibaba.com/AxSAfy?ck=minisite,100,1200,-12,0
Bột - VIP Natural Pink,2409 Bột - VIP Natural Pink,Bột,A0000718,1000,40,21.929,19.75,494.43,https://x.alibaba.com/AxSAfy?ck=minisite,100,83,-1,0
Muối ngâm chân 5kg,2511 Muối ngâm chân 4.2kg,Pedicure,A0001222,750,30,9.607,8.34,201.31,Noval,100,60,-1,0
Sugar Scrub - Orange 20kg,2506 Xô Sugar Scrub Orange - 20KG,Pedicure,A0001009,3750,150,185.711,162.50,"4,018.38",Noval,100,40,-1,0
Kem Mango Vera 600ml,2409 Kem Mango Vera 600ml,Hoá chất,A0000723,250,10,5.369,4.84,121.06,https://x.alibaba.com/AxSBkn?ck=minisite,100,120,-2,0
Sơn Enjoy super trắng,2512 Sơn Enjoy trắng,Hoá chất,A0001231,120,5,2.311,1.99,48.06,Beshyne,100,120,-5,0
Sơn Enjoy super đen,2512 Sơn Enjoy đen,Hoá chất,A0001230,120,5,2.311,1.99,48.06,Beshyne,100,120,-1,0
Máy Ultraschall 2L,2409 Máy Ultraschall 2L,Đồ điện,A0000730,3000,120,62.287,56.10,"1,404.39",https://x.alibaba.com/AxSCuw?ck=minisite,100,20,-1,0
Nhũ đường A 50g,2409 Nhũ đường A 50g,Design,A0000731,250,10,1.822,1.64,41.08,https://x.alibaba.com/AxSDjN?ck=minisite,100,60,-1,0
Nhũ đường B 50g,2409 Nhũ đường B 50g,Design,A0000732,250,10,1.822,1.64,41.08,https://x.alibaba.com/AxSDjN?ck=minisite,100,60,-2,0
Nhũ đường C 50g,2409 Nhũ đường C 50g,Design,A0000733,250,10,1.481,1.33,33.39,https://x.alibaba.com/AxSDjN?ck=minisite,100,60,-1,0
Nhũ bạc phản quang mịn R1 50g,2409 Nhũ bạc phản quang mịn R1 50g,Design,A0000734,450,18,10.753,9.68,242.45,https://x.alibaba.com/AxSDjN?ck=minisite,100,50,-1,0
Bát nhựa ngâm tay,2409 Bát nhựa ngâm tay,Tools & Accessories,A0000735,75,3,0.294,0.26,6.63,https://x.alibaba.com/AxSE5a?ck=minisite,100,200,-4,0
Bạc Foil 3g,2409 Bạc Foil,Design,A0000736,125,5,0.94,0.85,21.19,https://x.alibaba.com/AxSE5a?ck=minisite,100,50,-1,0
Típ làm mẫu trong tròn 50c set,2409 Típ làm mẫu trong tròn 50c set,Tools & Accessories,A0000737,75,3,0.588,0.53,13.26,https://x.alibaba.com/AxSE5a?ck=minisite,100,100,-2,0
Nam châm mắt mèo - 5in1,2409 Nam châm mắt mèo - hình Cộng,Tools & Accessories,A0000738,200,8,2.35,2.12,52.99,https://x.alibaba.com/AxSE5a?ck=minisite,100,100,-1,0
Chổi vệ sinh đầu mài,2409 Chổi quét đầu mài,Tools & Accessories,A0000739,100,4,1.175,1.06,26.49,https://x.alibaba.com/AxSE5a?ck=minisite,100,50,-1,0
Chai sơn không 15ml,2409 Chai sơn không 15ml,Tools & Accessories,A0000743,37.5,1.5,0.071,0.06,1.60,http://detail.m.1688.com/page/index.htm?offerId=584139699012,100,400,-3,0
Chai primer không 15ml,2511 Chai primer không,Tools & Accessories,A0001164,37.5,1.5,0.909,0.79,19.02,https://x.alibaba.com/1lA0t6Y?ck=minisite,100,204,-5,0
Chai bond không 15ml,2511 Chai bond không,Tools & Accessories,A0001163,37.5,1.5,0.909,0.79,19.02,https://x.alibaba.com/1lA0t6Y?ck=minisite,100,204,-10,0
Hộp đựng phá tròn trắng,2409 Hộp đựng phá tròn trắng,Tools & Accessories,A0000746,125,5,0.635,0.57,14.32,http://detail.m.1688.com/page/index.htm?offerId=751479664257,100,50,-4,0
Bút cán gỗ sz16,2410 Bút cán gỗ sz16,Bút,A0000752,1200,48,20.411,18.44,466.74,https://x.alibaba.com/AxgCQU?ck=minisite,100,200,-4,0
Bút đắp bột - kim cương - sz16,2410 Bút chấm bi sz16,Bút,A0000753,1200,48,20.411,18.44,466.74,https://x.alibaba.com/AxgCQU?ck=minisite,100,200,-1,0
Tay bào trắng Korea SH20N,2410 Tay bào SH20N Trắng,Đồ điện,A0000754,3400,136,72.527,65.51,"1,658.47",https://x.alibaba.com/AxgCXn?ck=minisite,100,20,-1,0
Vòng bi to Japan,2507 Vòng bi Japan chính to,Tools & Accessories,A0001056,110,7,1.352,1.15,28.25,https://x.alibaba.com/1l9bae6?ck=minisite,100,100,-2,0
Vòng bi nhỏ Japan,2507 Vòng bi Japan chính nhỏ,Tools & Accessories,A0001057,110,6,0.749,0.64,15.65,https://x.alibaba.com/1l9bae6?ck=minisite,100,100,-2,0
1KG - Gel đắp CLEAR,2511 Gel đắp - 1KG - Clear,Gel đắp,A0001185,2100,85,44.35,38.51,931.47,XGM,100,5,-1,0
1KG - Gel đắp NATURAL PINK,2511 Gel đắp - 1KG - Natural Pink,Gel đắp,A0001186,2100,85,44.35,38.51,931.47,XGM,100,5,-1,0
1KG - Gel đắp MAKEUP ⌗1,2511 Gel đắp - 1KG - Makeup 1,Gel đắp,A0001189,2100,85,44.35,38.51,931.47,XGM,100,5,-1,0
1KG - Gel đắp MAKEUP ⌗2,2511 Gel đắp - 1KG - Makeup 2,Gel đắp,A0001190,2100,85,44.35,38.51,931.47,XGM,100,5,-1,0
1KG - Gel đắp MAKEUP ⌗3,2511 Gel đắp - 1KG - Makeup 3,Gel đắp,A0001191,2100,85,44.35,38.51,931.47,XGM,100,5,-1,0
Cắt fen thường,2410 Cắt fen thường,Tools & Accessories,A0000765,100,6,0.65,0.59,14.93,https://x.alibaba.com/AxgDXM?ck=minisite,100,200,-1,0
Cắt fen sâu - E,2410 Cắt fen sâu - E,Tools & Accessories,A0000766,150,6,0.65,0.59,14.93,https://x.alibaba.com/AxgDXM?ck=minisite,100,200,-1,0
XXS ULTRA,2410 XXS,Đầu bào,A0000767,180,8,2.828,2.60,65.65,Xiangrui,100,300,-5,0
XC - tròn,2410 XC Đầu tròn,Đầu bào,A0000768,180,8,2.828,2.60,65.65,Xiangrui,100,100,-1,0
Bào Mịn SM,2410 SM,Đầu bào,A0000769,170,8,2.828,2.60,65.65,Xiangrui,100,100,-5,0
C - bào lửa,2410 C - Bào Lửa,Đầu bào,A0000771,180,8,2.828,2.60,65.65,Xiangrui,100,100,-2,0
Bào khoé tròn,2410 Bào khoé tròn,Đầu bào,A0000772,180,8,2.828,2.60,65.65,Xiangrui,100,50,-3,0
XXS Hoa cúc ULTRA,2410 XXS Hoa cúc,Đầu bào,A0000773,180,8,2.828,2.60,65.65,Xiangrui,100,100,-3,0
Base coat 15ml,2410 Base coat 15ml,Hoá chất,A0000781,250,10,1.972,1.81,45.78,https://x.alibaba.com/AxnU9h?ck=minisite,100,200,-3,0
Sơn màu SORAH 15ml,2410 Sơn SORAH 15ml,Sơn màu,A0000782,100,4,1.772,1.63,41.13,https://x.alibaba.com/AxnU9h?ck=minisite,100,8640,-4,0
SORAH 144 quyển màu,2410 SORAH 144 quyển màu,Sơn màu,A0000783,0,0,16.782,15.40,389.57,https://x.alibaba.com/AxnU9h?ck=minisite,100,60,-2,0
Máy hút bụi bàn di dộng,2505 Máy hút bụi bàn di động,Đồ điện,A0000994,1500,60,31.958,28.38,707.12,https://x.alibaba.com/Azbq2K?ck=minisite,100,24,-1,0
Dũa Bông hoa đen 80/80,2410 Dũa Hoa hồng 80/80,Dũa,A0000786,650,25,9.984,9.20,232.22,https://x.alibaba.com/Axpbp8?ck=minisite,100,200,-2,0
Tip Thẳng Straight jet - Lẻ (50c),2511 Tip thẳng Straight Jet,Tips,A0001216,18,0.7,0.404,0.35,8.49,New York Supply Berlin +4915208576163,100,3810,-140,0
Vỏ nhám trắng ⌗150 (1000c),2511 Vỏ nhám trắng M-150,Tools & Accessories,A0001218,1000,40,16.678,14.48,350.28,https://x.alibaba.com/1lA1JV3?ck=minisite,100,100,-1,0
Vỏ nhám trắng ⌗120 - C (1000c),2511 Vỏ nhám trắng C-120,Tools & Accessories,A0001219,1000,40,16.678,14.48,350.28,https://x.alibaba.com/1lA1JV3?ck=minisite,100,100,-1,0
Vỏ nhám trắng ⌗180 - F (1000c),2410 Vỏ Nhám Trắng ⌗180 1000c,Tools & Accessories,A0000790,1000,40,9.928,9.15,230.92,https://x.alibaba.com/Axpbz6?ck=minisite,100,50,-1,0
Set Hộp đá - 7 màu,2410 Set Hộp đá - 7 màu,Design,A0000791,750,30,8.642,7.97,201.00,http://detail.m.1688.com/page/index.htm?offerId=639452861749,100,50,-1,0
Set Hộp đá - bạc,2410 Set Hộp đá - bạc,Design,A0000792,750,30,7.683,7.08,178.70,http://detail.m.1688.com/page/index.htm?offerId=639452861749,100,50,-1,0
Set Hộp đá - vàng,2410 Set Hộp đá - vàng,Đồ điện,A0000793,750,30,8.958,8.26,208.35,http://detail.m.1688.com/page/index.htm?offerId=639452861749,100,50,-1,0
Set Hộp đá - chữ vàng,2410 Set Hộp đá - chữ vàng,Design,A0000794,875,35,11.203,10.33,260.57,http://detail.m.1688.com/page/index.htm?offerId=675426068529,100,50,-1,0
Kem Mango Vera 5kg,2410 Kem Mango Vera 5KG,Hoá chất,A0000795,725,29,11.422,10.52,265.93,https://x.alibaba.com/AxqF9O?ck=minisite,100,80,-1,0
Callus Remover 5kg,2511 Callus Remover 4.2kg,Pedicure,A0001221,1125,42,18.012,15.64,377.43,Noval,100,100,-1,0
Xô Muối ngâm chân - mịn 23kg,2511 Muối ngâm chân Xô 23kg,Hoá chất,A0001223,2500,100,42.887,37.23,898.67,Noval,100,36,-1,0
Chổi quét bàn to,2507 Chổi quét bàn to,Tools & Accessories,A0001046,200,8,1.89,1.61,39.64,https://x.alibaba.com/B03xgx?ck=minisite,100,1000,-5,0
4XC đầu vát,2410 4XC Đầu vát,Đầu bào,A0000802,180,8,3.159,2.93,74.39,https://x.alibaba.com/Axudal?ck=minisite,100,100,-1,0
Kìm Nghĩa D01 Mũi 16,2507 Kìm Nghĩa D01 Mũi 16,Tools & Accessories,A0001026,260,12,6.029,5.11,125.96,Tran Thi Ngot,100,100,-2,0
Cây đẩy da,2410 Cây đẩy da,Tools & Accessories,A0000805,50,2,0.774,0.72,18.23,Trần Thị Ngọt,100,200,-2,0
Aceton 5L,2505 Aceton 5L,Hoá chất,A0000996,430,20,10.572,9.39,233.92,Hoefer chemie ,100,96,-1,0
Cồn IPA70 5L,2505 Cồn 5L,Hoá chất,A0000995,380,18,7.971,7.08,176.37,Hoefer chemie ,100,96,-2,0
Aceton 1L,2411 Aceton 1L,Hoá chất,A0000811,200,8,2.79,2.64,66.69,Hoefer,100,240,-1,0
Típ thường 50c,2411 Típ thường 50c,Tools & Accessories,A0000816,13,0.6,0.174,0.17,4.18,USN,100,66000,-39,0
Gel vẽ trắng French 50ml,2509 Gel vẽ French White 50ml,Design,A0001091,250,10,4.444,#N/A,91.83,https://x.alibaba.com/1l9oSxz?ck=minisite,100,60,-3,0
Sơn màu Milky White 15ml,2508 Sơn Milky white 15ml,Sơn màu,A0001069,100,4,1.836,1.57,38.30,https://x.alibaba.com/1l9hA6o?ck=minisite,100,120,-4,0
Flash Disco Cat Eye 12 màu,2412 Flash Disco Cat Eye 12 màu,Sơn màu,A0000821,1500,60,37.121,35.15,887.64,https://x.alibaba.com/xvCGLbC?ck=minisite,100,60,-1,0
Set Phấn nén làm ombre,2412 Bột phấn nén làm ombre 120 màu,Design,A0000822,300,12,4.326,4.10,103.44,http://detail.m.1688.com/page/index.htm?offerId=542506424161,100,200,-1,0
1KG - Gel đắp MILKY WHITE,2511 Gel đắp - 1KG - Milky White,Gel đắp,A0001188,2100,85,44.35,38.51,931.47,XGM,100,5,-1,0
1KG - Gel đắp MILKY PINK,2511 Gel đắp - 1KG - Milky Pink,Gel đắp,A0001187,2100,85,44.35,38.51,931.47,XGM,100,5,-1,0
M - to,2412 M - to,Đầu bào,A0000830,180,8,2.75,2.62,66.13,Xiangrui,100,200,-1,0
Bào gầm 2.0,2412 Bào gầm 2.0,Đầu bào,A0000831,180,8,2.75,2.62,66.13,Xiangrui,100,100,-2,0
Phá Shellac,2412 Phá Shellac,Đầu bào,A0000832,180,8,3.1,2.95,74.55,Xiangrui,100,100,-3,0
Mịn thông M,2412 Mịn thông - M,Đầu bào,A0000833,180,8,3.9,3.71,93.78,Xiangrui,100,100,-3,0
Top coat tím đặc 500ml,2412 Top coat tím đặc - 500ml,Top Coat,A0000834,2200,80,24.512,23.33,589.44,Aosmei,100,50,-1,0
Liner gel vẽ Platinum,2412 Liner gel vẽ platinum,Design,A0000836,150,6,1.78,1.69,42.80,https://x.alibaba.com/x8DKnGD?ck=minisite,100,250,-3,0
Đèn bàn trắng 18W,2412 Đèn bàn trắng 18W,Đồ điện,A0000841,1500,60,26.235,24.96,629.52,https://x.alibaba.com/xOf8zii?ck=minisite,100,20,-1,0
Dũa mỏng nhỏ tròn 100/100,2506 Dũa mỏng nhỏ tròn 100/100,Dũa,A0001018,280,12,4.107,3.48,86.62,https://x.alibaba.com/AzzqcX?ck=minisite,100,200,-100,0
Dũa mỏng nhỏ tròn 80/80,2412 Dũa mỏng nhỏ 80/80,Dũa,A0000845,280,12,4.517,4.30,108.39,https://x.alibaba.com/xi8jSDC?ck=minisite,100,200,-2,0
Bột - Clear Nhanh khô,2510 Bột - Clear Nhanh Khô,Bột,A0001131,840,35,22.883,19.65,476.81,Keystone,100,51,-2,0
Bột - Natural Dark Pink,2510 Bột - Natural Dark Pink 660g,Bột,A0001125,840,35,23.397,20.09,487.52,Keystone,100,68,-1,0
Chrome base coat 250ml,2509 Chrome Base Coat 250ml,Hoá chất,A0001106,1250,50,17.615,15.04,365.19,https://x.alibaba.com/1l9rNK0?ck=minisite,100,60,-1,0
Giấy làm chân 50x70cm,2511 Giấy làm chân,Tools & Accessories,A0001215,550,22,13.269,11.52,278.68,Eko-Higiena,100,432,-2,0
Găng tay Nitril đen - S,2502 Găng tay nitril đen - S,Tools & Accessories,A0000863,125,5,2.767,2.66,67.00,chen13025122071,100,800,-30,0
Găng tay Nitril đen - M,2502 Găng tay nitril đen - M,Tools & Accessories,A0000864,158,5,2.767,2.66,67.00,chen13025122071,100,1000,-5,0
Vỏ nhám tím ⌗150 - M,2502 Vỏ nhám tím M #150 (100c),Tools & Accessories,A0000866,200,7,2.737,2.63,66.27,https://x.alibaba.com/xx4zzAP?ck=minisite,100,800,-10,0
Cốc đựng bột nhỏ,2502 Cốc đựng bột tròn nhỏ,Tools & Accessories,A0000869,50,2,1.24,1.19,30.03,http://detail.m.1688.com/page/index.htm?offerId=676040227042,100,100,-1,0
Hộp đựng tip 0-10,2508 Hộp đựng tip 0-10,Tools & Accessories,A0001078,50,2,0.454,0.39,9.47,http://detail.m.1688.com/page/index.htm?offerId=553176613855,100,500,-2,0
Típ làm mẫu 36 màu,2502 Bảng mẫu 36,Tools & Accessories,A0000874,75,3,1.03,0.99,24.94,http://detail.m.1688.com/page/index.htm?offerId=630943673833,100,400,-10,0
Kê tay cao - hồng,2502 Kê tay cao - hồng,Tools & Accessories,A0000875,200,8,2.14,2.06,51.82,http://detail.m.1688.com/page/index.htm?offerId=675159939357,100,20,-1,0
Kê tay cao - be,2502 Kê tay cao - be,Tools & Accessories,A0000876,200,8,2.14,2.06,51.82,http://detail.m.1688.com/page/index.htm?offerId=675159939357,100,20,-4,0
Kê tay cao - vàng,2502 Kê tay cao - vàng,Tools & Accessories,A0000877,200,8,2.14,2.06,51.82,http://detail.m.1688.com/page/index.htm?offerId=675159939357,100,20,-1,0
Máy bào di động - đen,2508 Máy bào di động 35K,Đồ điện,A0001064,2300,90,38.72,33.06,807.63,https://x.alibaba.com/1l9eAKJ?ck=minisite,100,20,-3,0
Đèn pin cầm tay v2,2507 Đèn pin cầm tay v2,Đồ điện,A0001033,250,10,2.574,2.18,53.78,http://detail.m.1688.com/page/index.htm?offerId=746806471081,100,100,-2,0
Pin thay đèn sạc,2502 Pin thay đèn sạc,Đồ điện,A0000880,450,18,16.119,15.53,390.01,https://x.alibaba.com/x5M3GEu?ck=minisite,100,20,-1,0
Tinh dầu trị nấm 15ml,2510 Thuốc trị nấm,Hoá chất,A0001123,250,10,5.247,4.51,109.33,EBD,100,120,-2,0
Nước cầm máu,2502 Nước cầm màu,Hoá chất,A0000885,100,4,1.997,1.94,48.52,EBD,100,288,-1,0
Bột - Natural pink,2512 Bột Natural Pink,Bột,A0001235,840,35,20.478,17.59,425.91,Keystone,100,102,-1,0
Bột - Crystal clear,2510 Bột - Crystal Clear,Bột,A0001133,840,35,22.907,19.67,477.31,Keystone,100,34,-1,0
Liquid Mango J2000M C2,2505 Liquid Mango J2000M C2,Hoá chất,A0000997,1300,52,41.692,37.02,922.49,EBD,100,144,-2,0
Liquid J-2000 C2,2510 Liquid J2000 C2,Hoá chất,A0001121,1100,50,36.148,31.04,753.21,EBD,100,72,-12,0
Liquid J2000 C0,2510 Liquid J2000 C0,Hoá chất,A0001120,1100,50,36.148,31.04,753.21,EBD,100,72,-1,0
Bột - Super white,2512 Bột Super White,Bột,A0001237,840,35,22.19,19.06,461.52,Keystone,100,34,-1,0
Bột - Ombre white,2512 Bột - Ombre White,Bột,A0001240,840,35,21.393,18.38,444.94,Keystone,100,17,-1,0
Bột - Milky white,2512 Bột Milky White,Bột,A0001236,840,35,22.19,19.06,461.52,Keystone,100,51,-4,0
Bột - Makeup nude,2512 Bột Makeup Nude,Bột,A0001233,840,35,20.478,17.59,425.91,Keystone,100,68,-6,0
Bột - Makeup peach,2510 Bột - Makeup Peach,Bột,A0001132,840,35,22.907,19.67,477.31,Keystone,100,17,-3,0
Bột - Makeup pink,2512 Bột Makeup Pink,Bột,A0001234,840,35,20.478,17.59,425.91,Keystone,100,68,-4,0
Bột - Clear,2512 Bột - Clear,Bột,A0001239,840,35,21.393,18.38,444.94,Keystone,100,34,-4,0
Primer 500ml,2510 Primer 500ml,Hoá chất,A0001136,840,35,7.733,6.64,161.13,Keystone,100,394,-5,0
Bond dry 500ml,2503 Bond Dry 500ml,Hoá chất,A0000904,500,20,5.375,4.98,124.23,Keystone,100,151,-1,0
Tay bào Marathon bạc,2507 Tay bào Marathon Bạc,Đồ điện,A0001036,2750,110,102.9643905,87.22,"1,822.28",DV GOLDEN NAILS,100,20,-2,0
Cắt fen thường USA,2503 Cắt fen thường USA,Tools & Accessories,A0000906,400,16,8.738,8.10,201.96,QBuffer Kevin Viber,100,200,-2,0
Cắt fen sâu USA,2503 Cắt fen sâu USA,Tools & Accessories,A0000907,400,16,8.738,8.10,201.96,QBuffer Kevin Viber,100,200,-2,0
Diamond Top Coat 500ml,2508 Diamond Top Coat 500ml,Top Coat,A0001067,2000,80,35.729,30.50,745.25,https://x.alibaba.com/1l9hA6o?ck=minisite,100,30,-1,0
Top coat tím Medium 1KG,2503 Top coat tím Medium 1L,Top Coat,A0000909,3800,150,43.841,40.64,"1,013.28",Senia Asmei,100,30,-1,0
1KG top coat tím loãng,2503 Top coat tím Loãng 1L,Top Coat,A0000910,4000,150,43.841,40.64,"1,013.28",Senia Asmei,100,30,-2,0
Top coat tím loãng 500ml,2503 Top coat tím Loãng 500ml,Top Coat,A0000911,2200,80,27.741,25.71,641.17,Senia Asmei,100,20,-1,0
Chà chân xanh 400c,2503 Chà chân xanh 400c,Tools & Accessories,A0000912,1000,40,12.346,11.44,285.35,https://x.alibaba.com/xrIUSw8?ck=minisite,100,80,-4,0
Buffer cam 3 mặt,2503 Buffer cam 3 mặt,Tools & Accessories,A0000913,12,0.5,0.556,0.52,12.85,https://x.alibaba.com/xrIUSw8?ck=minisite,100,10000,-50,0
Buffer trắng 4 mặt,2503 Buffer trắng 4 mặt,Pedicure,A0000914,12,0.5,0.576,0.53,13.31,https://x.alibaba.com/xrIUSw8?ck=minisite,100,10000,-20,0
Tay bào máy tím,2508 Tay bào máy tím,Đồ điện,A0001065,4900,200,69.697,59.50,"1,453.76",Loboter,100,30,-1,0
Tay bào máy G5,2507 Tay bào G5,Đồ điện,A0001058,5400,220,83.196,70.82,"1,738.11",Funuo,100,20,-1,0
Đèn LED 96W,2507 Đèn LED 96W H45,Đồ điện,A0001045,1400,55,24.09,20.53,505.19,https://x.alibaba.com/B03xfu?ck=minisite,100,200,-8,0
Đèn LED 48W,2503 Đèn LED 48W,Đồ điện,A0000918,750,35,10.946,10.15,252.99,Loboter,100,100,-4,0
Tip làm chân set,2503 Tip làm chân set,Pedicure,A0000919,150,6,1.526,1.41,35.27,https://x.alibaba.com/xhlu0lg?ck=minisite,100,200,-1,0
Chai sơn trống 15ml,2503 Chai sơn không chổi tốt 15ml,Tools & Accessories,A0000920,50,2,0.996,0.92,23.02,https://x.alibaba.com/xyyRxjs?ck=minisite,100,1000,-3,0
Túi ni lông xanh 800c,2511 Túi ni lông xanh,Tools & Accessories,A0001161,1750,70,41.8,36.22,874.57,Noval,100,60,-1,0
5in1 Pedicure kit - 200c,2507 5in1 pedicure kit - tím,Tools & Accessories,A0001055,1450,60,31.983,27.22,668.18,https://x.alibaba.com/1l9bb19?ck=minisite,100,120,-10,0
Thùng Dũa mini 5000c,2503 Thùng Dũa mini 5000c,Pedicure,A0000923,3000,120,63.446,58.81,"1,466.41",Judy Mok Noval,100,20,-1,0
Thùng Slim buffer 500c,2503 Thùng Slim buffer 500c,Pedicure,A0000924,1250,50,5.946,5.51,137.43,Judy Mok Noval,100,20,-1,0
Thùng que tăm 800c,2503 Thùng que tăm 800c,Pedicure,A0000925,500,20,5.646,5.23,130.49,Judy Mok Noval,100,20,-1,0
Đèn cầu vòng đính đá v2,2503 Đèn cầu vòng đính đá v2,Đồ điện,A0000926,1975,79,32.946,30.54,761.47,https://x.alibaba.com/xK4F1vx?ck=minisite,100,20,-2,0
Đèn cầu vòng trắng v2,2503 Đèn cầu vòng trắng v2,Đồ điện,A0000927,1975,79,30.446,28.22,703.69,https://x.alibaba.com/xK4F1vx?ck=minisite,100,20,-1,0
4XC - Titan Xanh,2503 4XC Titan xanh,Đầu bào,A0000928,375,15,5.656,5.24,130.73,https://x.alibaba.com/xu4rGba?ck=minisite,100,200,-2,0
2XC Titan xanh,2503 2XC Titan xanh,Đầu bào,A0000929,375,15,5.656,5.24,130.73,https://x.alibaba.com/xu4rGba?ck=minisite,100,100,-1,0
Lọ không 500ml,2511 Lọ nhựa không 500ml,Tools & Accessories,A0001168,50,2,0.331,0.29,6.93,Noval,100,200,-10,0
Cán dao cạo chân Inox,2507 Cán dao cạo chân Inox,Pedicure,A0001049,125,5,1.17,1.00,24.54,http://detail.m.1688.com/page/index.htm?offerId=661227685213,100,400,-2,0
Dao lam Micra,2511 Dao lam 100c,Pedicure,A0001176,150,6,2.031,1.76,42.66,https://x.alibaba.com/1lA1ILB?ck=minisite,100,1000,-2,0
Dũa 80/80 Luxfile,2511 Dũa Luxfile 80/80,Dũa,A0001159,750,30,16.535,14.33,345.96,https://x.alibaba.com/1lA0t4H?ck=minisite,100,100,-1,0
Dũa 100/100 Luxfile,2511 Dũa Luxfile 100/100,Dũa,A0001160,750,30,16.535,14.33,345.96,https://x.alibaba.com/1lA0t4H?ck=minisite,100,100,-20,0
Máy sấy khô,2504 Máy sấy khô,Đồ điện,A0000935,2000,80,26.45,23.92,601.43,https://x.alibaba.com/xme4Xfu?ck=minisite,100,36,-1,0
Tip fan 120 màu - tip nhọn trong,2504 Cây mẫu xoay 120 màu - tip nhọn trong,Tools & Accessories,A0000936,150,6,1.486,1.34,33.79,http://detail.m.1688.com/page/index.htm?offerId=630262781667,100,31,-10,0
Tip fan 120 màu - tip nhọn đục,2504 Cây mẫu xoay 120 màu - tip nhọn đục,Tools & Accessories,A0000937,150,6,1.486,1.34,33.79,http://detail.m.1688.com/page/index.htm?offerId=630262781668,100,31,-3,0
Tip fan 120 màu - tip natur trong,2504 Cây mẫu xoay 120 màu - tip natur trong,Tools & Accessories,A0000938,150,6,1.486,1.34,33.79,http://detail.m.1688.com/page/index.htm?offerId=630262781669,100,31,-2,0
Tip fan 120 màu - tip natur đục,2504 Cây mẫu xoay 120 màu - tip natur đục,Tools & Accessories,A0000939,150,6,1.486,1.34,33.79,http://detail.m.1688.com/page/index.htm?offerId=630262781670,100,31,-1,0
Barbicide Concentrate 500ml,2504 Barbicide 500ml,Hoá chất,A0000940,300,12,6.24,5.49,137.18,agnes@barbicide.pro,100,48,-1,0
liner gel vẽ 12ml - trắng,2508 Liner gel trắng,Hoá chất,A0001066,150,6,1.471,1.26,30.68,https://x.alibaba.com/1l9h4OJ?ck=minisite,100,240,-12,0
liner gel vẽ 12ml - đen,2505 Liner gel vẽ - đen,Hoá chất,A0000942,150,6,1.216,1.08,26.96,https://x.alibaba.com/AzXlLY?ck=minisite,100,60,-2,0
4XC - Hoa cúc 2.0,2505 4XC Hoa Cúc 2.0,Đầu bào,A0000943,180,8,4.194,3.73,92.98,https://x.alibaba.com/AzXm2B?ck=minisite,100,200,-1,0
Liner gel vẽ metallic - vàng 15ml,2505 Liner gel vẽ Metallic - vàng 15ml,Design,A0000944,200,8,2.675,2.38,59.31,https://x.alibaba.com/AzXlLY?ck=minisite,100,24,-2,0
Liner gel vẽ metallic - bạc 15ml,2505 Liner gel vẽ Metallic - bạc 15ml,Design,A0000945,200,8,2.675,2.38,59.31,https://x.alibaba.com/AzXlLY?ck=minisite,100,60,-2,0
1KG top coat tím đặc,2505 1KG Top coat tím đặc,Top Coat,A0000947,4000,150,44.2,39.28,979.93,Aosmei,100,30,-1,0
4XC,2505 4XC,Đầu bào,A0000948,200,8,2.838,2.52,62.92,Xiangrui,100,200,-1,0
Trục nhám sắt v2,2505 Trục nhám sắt,Đầu bào,A0000949,180,8,1.588,1.41,35.21,Xiangrui,100,100,-2,0
Trục nhám chắc chắn v2,2505 Trục nhám chắc chắn,Đầu bào,A0000950,180,8,2.518,2.24,55.82,Wilson,100,200,-1,0
Liquid J-2000 C7,2510 Liquid J2000 C7,Hoá chất,A0001122,1100,50,36.148,31.04,753.21,EBD,100,72,-4,0
Bột - Ombre Pink I,2510 Bột - Ombre Pink I,Bột,A0001135,840,35,29.217,25.09,608.79,Keystone,100,102,-1,0
Liquid EMA J-2 C7,2505 Liquid EMA J2 C7,Hoá chất,A0000955,2000,90,51.954,46.17,"1,151.83",Keystone,100,50,-1,0
4XC - Đầu tròn - Titan xanh,2505 4XC Đầu tròn Titan xanh,Đầu bào,A0000958,375,15,5.882,5.23,130.41,https://x.alibaba.com/AzXr8X?ck=minisite,100,300,-4,0
Motor tay máy tím,2505 Motor máy UP200,Đồ điện,A0000960,1250,50,9.69,8.61,214.83,Yiwu Loboter,100,40,-2,0
Super White 250ml,2505 Super white 250ml,Hoá chất,A0000962,1500,60,46.393,41.77,"1,043.49",https://x.alibaba.com/AzXvLQ?ck=minisite,100,50,-1,0
Super Black 250ml,2505 Super black 250ml,Hoá chất,A0000963,1500,60,46.393,41.77,"1,043.49",https://x.alibaba.com/AzXvLQ?ck=minisite,100,30,-1,0
Sugar Scrub - Orange 5kg,2505 Orange Sugar Scrub 5KG,Pedicure,A0000965,1125,45,28.763,25.90,646.95,Judy Mok Noval,100,36,-1,0
Gel Scrub - Mint 5KG,2505 Mint Gel Scrub 5KG,Hoá chất,A0000966,875,35,21.763,19.60,489.50,Judy Mok Noval,100,36,-1,0
Diamond Top Coat 1L,2510 Diamond Top Coat 1L,Top Coat,A0001155,3800,150,51.409,44.15,"1,071.20",https://x.alibaba.com/1l9vO63?ck=minisite,100,50,-1,0
Cốc đựng bột tròn,2505 Cốc đựng bột tròn,Tools & Accessories,A0000974,100,4,1.667,1.50,37.49,http://detail.m.1688.com/page/index.htm?offerId=840296014439,100,300,-10,0
Hũ đựng gel 50ml,2505 Hũ đựng gel 50ml,Tools & Accessories,A0000975,87,3.5,1.328,1.20,29.87,http://detail.m.1688.com/page/index.htm?offerId=613951806749,100,200,-2,0
Hũ đựng gel 30ml,2505 Hũ đựng gel 30ml,Tools & Accessories,A0000976,87,3.5,0.746,0.67,16.78,http://detail.m.1688.com/page/index.htm?offerId=613951806749,100,100,-3,0
Chà chân vàng 400c,2505 Chà chân vàng 400c,Tools & Accessories,A0000979,1000,40,16.158,14.55,363.43,https://x.alibaba.com/AzXtff?ck=minisite,100,240,-2,0
Đèn sạc pin 90W,2505 Đèn sạc pin 90W trắng,Đồ điện,A0000981,1500,60,21.011,18.92,472.59,https://x.alibaba.com/AzXtji?ck=minisite,100,200,-1,0
Sửa chữa tay bào,Dịch vụ sửa tay bào,Dịch vụ,DICH-VU,375,15,0,0.00,0.00,,100,,-1,0
4XC Đầu tròn v3,2505 4XC Đầu tròn v3,Đầu bào,A0000951,180,8,3.138,2.79,69.57,https://x.alibaba.com/AzXptD?ck=minisite,100,200,-2,0
M vàng - to,2505 M - to vàng,Đầu bào,A0000952,180,8,3.138,2.79,69.57,https://x.alibaba.com/AzXptD?ck=minisite,100,200,-3,0
Set Bột Neon dặm 24 màu,2505 Set Bột Neon 24 màu,Design,A0000956,300,12,3.14,2.79,69.61,http://detail.m.1688.com/page/index.htm?offerId=739503525338,100,100,-1,0
Set Bút Xốp dặm,2505 Set Bút Bông dặm,Design,A0000957,250,10,0.693,0.62,15.36,http://detail.m.1688.com/page/index.htm?offerId=753888536542,100,100,-1,0
Thân máy Trắng Marathon,2505 Thân máy trắng Marathon,Đồ điện,A0000959,1500,60,27.686,24.61,613.81,Yiwu Loboter,100,60,-2,0
Dây cắm 3 chân UP200,2505 Dây cắm 3 chân UP200,Đồ điện,A0000961,150,6,2.63,2.34,58.31,Yiwu Loboter,100,40,-2,0
Set Sơn mắt mèo 10D 12 màu,2505 Set 12 màu Sơn mắt mèo 10D,Sơn màu,A0000964,1500,60,18.363,16.53,413.03,https://x.alibaba.com/AzXv8r?ck=minisite,100,30,-1,0
Gel nặn 3D - Clear 50ml,2505 Gel nặn - Clear 50ml,Design,A0000973,250,10,2.131,1.92,47.93,Bozlin,100,100,-1,0
Kê chân cao - đen vàng,2505 Kê tay cao - đen,Tools & Accessories,A0000977,300,12,7.469,6.73,168.00,http://detail.m.1688.com/page/index.htm?offerId=789828685629,100,30,-1,0
Kê chân cao - trắng vàng,2505 Kê tay cao - trắng,Tools & Accessories,A0000978,300,12,7.469,6.73,168.00,http://detail.m.1688.com/page/index.htm?offerId=789828685629,100,30,-1,0
Chổi quét bàn - Nhỏ,2505 Chổi quét bàn - Nhỏ,Tools & Accessories,A0000980,150,6,1.694,1.53,38.10,https://x.alibaba.com/AzXth5?ck=minisite,100,1000,-4,0
Muối viên xô 4000 viên,2505 Muối viên xô 4000 viên,Pedicure,A0000983,4000,160,74.077,65.78,"1,639.06",Judy Mok Noval,100,20,-1,0
Moonlight Cat Eye 12 màu,2505 Moonlight Cat Eye 12 màu,Sơn màu,A0000984,1500,60,31.95,28.37,706.94,https://x.alibaba.com/AzbocS?ck=minisite,100,60,-2,0
Gel thinner 30ml,2505 Gel thinner 30ml,Hoá chất,A0000985,300,12,3.035,2.69,67.15,https://x.alibaba.com/AzbocS?ck=minisite,100,100,-1,0
Diamond Top Coat 15ml,2505 Diamond Top Coat 15ml,Top Coat,A0000986,200,8,2.085,1.85,46.13,https://x.alibaba.com/AzbocS?ck=minisite,100,60,-5,0
Gel nặn 3D - trắng 15ml,2505 Gel nặn - trắng 15ml,Hoá chất,A0000988,250,10,2.229,1.98,49.32,https://x.alibaba.com/AzbocS?ck=minisite,100,100,-1,0
Sơn màu Milky White 250ml,2509 Sơn Milky white 250ml,Sơn màu,A0001094,1500,60,14.861,#N/A,307.09,https://x.alibaba.com/1l9oSxz?ck=minisite,100,60,-1,0
Liquid EMA G3 C1 Blue,2506 Liquid G-3M C1 Blue,Hoá chất,A0001003,1625,65,51.685,45.23,"1,118.35",Keystone,100,25,-2,0
Xô Gel Scrub Orange - 20KG,2506 Xô Gel Scrub Orange - 20KG,Pedicure,A0001008,2750,110,76.896,67.29,"1,663.86",Noval,100,20,-1,0
Vỏ nhám Mỹ ⌗150 (1000c),2506 Vỏ nhám MILKEN ⌗150 1000c,Tools & Accessories,A0001010,1250,50,32.227,27.89,692.10,nail888.com,100,100,-1,0
Set 5c Bút Nặn Silicon,2506 Set 5c Bút Nặn Silicon,Bút,A0001014,200,8,0.686,0.58,14.47,http://detail.m.1688.com/page/index.htm?offerId=769146319954,100,100,-1,0
Dũa mỏng - To Vuông 80/80,2506 Dũa mỏng to vuông 80/80,Dũa,A0001019,500,20,5.963,5.06,125.76,https://x.alibaba.com/AzzqcX?ck=minisite,100,200,-1,0
Dũa mỏng - To Vuông 100/100,2506 Dũa mỏng to vuông 100/100,Dũa,A0001020,500,20,5.963,5.06,125.76,https://x.alibaba.com/AzzqcX?ck=minisite,100,200,-20,0
Tip Thẳng Natur Nhọn - Lẻ,2506 Tip Thẳng Natur Nhọn,Tips,A0001023,18,0.7,0.214,0.18,4.51,https://x.alibaba.com/AzzqgO?ck=minisite,100,2200,-8,0
Bình ngâm khử trùng dụng cụ,2507 Bình ngâm khử trùng dụng cụ,Pedicure,A0001024,250,10,2.679,2.27,55.97,http://detail.m.1688.com/page/index.htm?offerId=641632947446,100,20,-1,0
Bút cán gỗ sz14,2507 Bút cán gỗ sz14,Bút,A0001025,1100,43,18.58,15.74,388.19,https://x.alibaba.com/B00P5U?ck=minisite,100,200,-1,0
BL1 - Nhũ Đường Đen ánh trắng,2507 BL1 - Nhũ Đường Đen ánh trắng,Design,A0001029,250,10,1.844,1.56,38.53,https://x.alibaba.com/B00Q9G?ck=minisite,100,60,-1,0
BL2 - Nhũ Đường Đen 7 màu,2507 BL2 - Nhũ Đường Đen 7 màu,Design,A0001030,250,10,1.474,1.25,30.80,https://x.alibaba.com/B00Q9G?ck=minisite,100,60,-1,0
Liquid EMA Ít mùi,2507 Liquid EMA ít mùi,Hoá chất,A0001037,2150,85,90.4416465,76.61,"1,600.65",DV GOLDEN NAILS,100,120,-1,0
Bịch Dũa mini 50c - Lẻ,Bịch Dũa mini 50c - Lẻ,Pedicure,B0000001,100,4,0.63466,0.54,13.26,Judy Mok Noval,100,2000,-10,0
Xốp kẹp chân 100c - Lẻ,Xốp kẹp chân 100c - Lẻ,Pedicure,B0000002,100,4,1.18,1.00,24.65,https://x.alibaba.com/AxMaiO?ck=minisite,100,400,-1,0
Hộp túi y tế 100c - Lẻ,Hộp túi y tế 100c - Lẻ,Pedicure,B0000003,100,4,0.98,0.83,20.47,https://x.alibaba.com/Awvged?ck=minisite,100,1000,-6,0
Muối viên - Lọ Nhỏ 250c,2507 Muối viên - Lọ Nhỏ 250c,Pedicure,A0001044,250,10,4.8,4.09,100.66,Noval,100,50,-2,0
Chai Bơm Cồn 200ml,2507 Chai Bơm Cồn 200ml,Tools & Accessories,A0001048,150,6,0.91,0.78,19.08,http://detail.m.1688.com/page/index.htm?offerId=584396325850,100,100,-1,0
Cán dao cạo chân P05,2507 Cán dao cạo chân P05,Pedicure,A0001051,120,5,0.86,0.73,18.04,http://detail.m.1688.com/page/index.htm?offerId=848686225075,100,50,-1,0
Kệ Acrylic đựng bút,2507 Kệ Acrylic đựng bút,Tools & Accessories,A0001052,250,10,4.656,4.01,98.87,http://detail.m.1688.com/page/index.htm?offerId=916207786270,100,40,-1,0
Bịch que tăm 100c - Lẻ,Bịch que tăm 100c - Lẻ,Tools & Accessories,B0000004,75,3,0.70575,0.60,14.75,https://x.alibaba.com/Awvged?ck=minisite,100,3,-1,0
Marble Ink Set 12 màu,2507 Marble Ink Set 12 màu,Design,A0001059,1500,60,22.015,18.74,459.93,https://x.alibaba.com/1l9bb1w?ck=minisite,100,60,-1,0
Gel 6in1,2507 Gel 6in1,Top Coat,A0001060,200,8,2.752,2.34,57.49,https://x.alibaba.com/1l9badO?ck=minisite,100,100,-1,0
Máy bào di động 45K,2508 Máy bào di động 45K,Đồ điện,A0001063,3000,120,68.369,58.37,"1,426.06",https://x.alibaba.com/1l9dy9F?ck=minisite,100,10,-1,0
Gel vẽ Đen Hũ 50ml,2508 Gel vẽ đen 50ml,Hoá chất,A0001068,250,10,3.684,3.15,76.84,https://x.alibaba.com/1l9hA6o?ck=minisite,100,60,-1,0
5in1 pedicure kit cam,2508 5in1 pedicure kit cam,Pedicure,A0001070,1500,60,39.575,33.79,825.47,Noval,100,120,-4,0
Lẻ - Jelly Spa 1 túi,2508 Lẻ - Jelly Spa 1 túi,Pedicure,A0001071,50,2,1.345,1.15,28.05,Noval,100,2400,-1,0
Kê tay cao - màu đen - chân bạc,2508 Kê tay cao - màu đen - chân bạc,Tools & Accessories,A0001074,300,12,5.583,4.77,116.45,http://detail.m.1688.com/page/index.htm?offerId=789828685629,100,30,-1,0
Kê tay cao - màu trắng - chân bạc,2508 Kê tay cao - màu trắng - chân bạc,Tools & Accessories,A0001075,300,12,5.583,4.77,116.45,http://detail.m.1688.com/page/index.htm?offerId=789828685629,100,30,-1,0
Đèn LED làm chân,2508 Đèn LED làm chân,Đồ điện,A0001076,2100,85,44.809,38.26,934.64,https://x.alibaba.com/1l9eAZp?ck=minisite,100,100,-1,0
Máy Khử trùng nhiệt độ,2508 Máy Khử trùng,Đồ điện,A0001077,2250,90,17.521,14.96,365.46,https://x.alibaba.com/1l9eMcG?ck=minisite,100,30,-1,0
Mịn thông XF,2508 Mịn thông XF,Đầu bào,A0001080,250,10,6.331,5.41,132.05,https://x.alibaba.com/1l9eNUF?ck=minisite,100,100,-4,0
Kìm Bấm Móng - Đầu Thẳng,2508 Kìm Bấm Móng - Đầu Thẳng,Tools & Accessories,A0001081,150,6,2.429,2.07,50.66,http://detail.m.1688.com/page/index.htm?offerId=776196979038,100,100,-1,0
Imperial Top Coat - 15ml - thin,2509 Imperial Top Coat - Thin 15ml,Top Coat,A0001109,200,8,1.82,1.55,37.73,https://x.alibaba.com/1l9rPH4?ck=minisite,100,60,-2,0
Imperial Top Coat - 15ml - thick,2508 Imperial Top Coat v0 - 15ml - thick,Top Coat,A0001083,200,8,2.072,1.77,43.22,https://x.alibaba.com/1l9dy4S?ck=minisite,100,60,-2,0
Imperial Top Coat - 500ml - thin,2510 Imperial top coat - thin - 500ml,Top Coat,A0001153,2000,80,24.732,21.24,515.34,https://x.alibaba.com/1l9vKeF?ck=minisite,100,30,-1,0
Imperial Top Coat - 1000ml - thin,2510 Imperial top coat - thin - 1L,Top Coat,A0001154,3800,150,49.464,42.48,"1,030.68",https://x.alibaba.com/1l9vKeF?ck=minisite,100,30,-1,0
Imperial Top Coat - 500ml - thick,2510 Imperial top coat - thick - 500ml,Top Coat,A0001150,2000,80,25.479,21.88,530.90,https://x.alibaba.com/1l9vKeF?ck=minisite,100,30,-1,0
Imperial Top Coat - 1000ml - thick,2510 Imperial top coat - thick - 1L,Top Coat,A0001151,3800,150,50.959,43.76,"1,061.83",https://x.alibaba.com/1l9vKeF?ck=minisite,100,30,-2,0
Glaze Gel Polish Set 12 màu,2509 Glaze Gel Polish Set 12 màu,Sơn màu,A0001089,1500,60,31.194,#N/A,644.59,https://x.alibaba.com/1l9oSxz?ck=minisite,100,60,-1,0
BIAB 15ml,2509 Gel đắp trong chai sơn,Gel đắp,A0001090,200,8,2.066,#N/A,42.69,https://x.alibaba.com/1l9oSxz?ck=minisite,100,600,-10,0
Cuticle Oil nắp nhọn 15ml,2509 Cuticle Oil 15ml,Hoá chất,A0001116,100,4,0.971,0.83,20.13,https://x.alibaba.com/1l9rNNb?ck=minisite,100,600,-5,0
Liquid Professional,2509 Liquid Professional,Hoá chất,A0001117,1750,70,59.5840086,50.94,#N/A,DEP Nails,100,52,-1,0
Liquid Winter,2511 Winter Liquid Monomer 2.5L,Hoá chất,A0001214,1375,55,46.062,40.00,967.42,DEP,100,312,-5,0
Cốc liquid mini,2510 Cốc liquid mini,Tools & Accessories,A0001137,75,3,1.311,1.13,27.32,http://detail.m.1688.com/page/index.htm?offerId=811624875892,100,50,-1,0
Dép làm chân 24c,2510 Dép làm chân 24c,Pedicure,A0001138,100,4,0.963,0.83,20.07,Noval,100,416,-1,0
Kem đẩy da 3.8L,2510 Cuticle Softener 3.8L,Pedicure,A0001140,875,35,13.429,11.53,279.82,Noval,100,40,-1,0
Kem đẩy da 1L,2510 Cuticle Softener 1L,Pedicure,A0001141,300,12,5.295,4.55,110.33,Noval,100,48,-1,0
Hộp Pedicure Bath Bombs 60c,2510 Bath Bombs 60c,Pedicure,A0001142,875,35,16.168,13.88,336.89,Noval,100,64,-1,0
Imperial Top Coat - 250ml - thick,2510 Imperial top coat - thick - 250ml,Top Coat,A0001149,1250,50,14.268,12.25,297.30,https://x.alibaba.com/1l9vKeF?ck=minisite,100,60,-1,0
Imperial Top Coat - 250ml - thin,2510 Imperial top coat - thin - 250ml,Top Coat,A0001152,1250,50,14.268,12.25,297.30,https://x.alibaba.com/1l9vKeF?ck=minisite,100,60,-1,0
Dũa Luxfile 60/60,2511 Dũa Luxfile 60/60,Dũa,A0001158,700,25,16.535,14.33,345.96,https://x.alibaba.com/1lA0t4H?ck=minisite,100,100,-1,0
Túi ni lông trong,2511 Túi ni lông trong,Pedicure,A0001162,1750,70,41.8,36.22,874.57,Noval,100,60,-1,0
Đèn nối mi,2511 Đèn nối mi,Đồ điện,A0001165,4000,160,95.901,83.10,"2,006.52",https://x.alibaba.com/1lA0tMO?ck=minisite,100,30,-1,0
Đèn bàn LED siêu sáng,2511 Đèn bàn LED siêu sáng,Đồ điện,A0001166,1500,60,31.416,27.22,657.31,https://x.alibaba.com/1lA0tMk?ck=minisite,100,24,-1,0
Típ làm mẫu quyển màu nhọn,2511 Típ làm mẫu quyển màu nhọn,Tips,A0001167,75,3,0.992,0.86,20.76,https://x.alibaba.com/1lA0tNE?ck=minisite,100,400,-1,0
Thùng Chà chân tím 400c,2511 Chà chân tím,Pedicure,A0001169,975,39,19.511,16.91,408.22,mango wu,100,240,-1,0
Kìm bấm móng L 777 Korea,2511 Kìm bấm móng 777 Korea,Tools & Accessories,A0001170,150,6,3.348,2.90,70.19,http://detail.m.1688.com/page/index.htm?offerId=564661078585,100,200,-1,0
Tip trong thẳng clear,2511 Tip trong thẳng clear,Tips,A0001171,20,0.8,0.3718,0.32,7.80,https://x.alibaba.com/1lA1DQ6?ck=minisite,100,1000,-1,0
Tip thẳng vuông đục,2511 Tip thẳng vuông đục,Tips,A0001172,20,0.8,0.3718,0.32,7.80,https://x.alibaba.com/1lA1DQ6?ck=minisite,100,1000,-1,0
Tip trong nhọn,2511 Tip trong nhọn,Tips,A0001173,20,0.8,0.3218,0.28,6.75,https://x.alibaba.com/1lA1DQ6?ck=minisite,100,1000,-1,0
Kìm tháo đá,2511 Kìm tháo đá,Tools & Accessories,A0001174,150,6,1.251,1.09,26.27,http://detail.m.1688.com/page/index.htm?offerId=673850966271,100,200,-1,0
Bút chấm bi vôi 2 đầu,2511 Bút chấm bi vôi 2 đầu,Bút,A0001175,125,5,3.031,2.63,63.66,https://x.alibaba.com/1lA1IY2?ck=minisite,100,100,-1,0
Bào Mịn 3in1 dài - F,2511 Bào Mịn 3in1 dài - F,Đầu bào,A0001177,200,8,4.188,3.64,87.96,Xiangrui,100,100,-1,0
Bào Mịn 5in1 XXL - F,2511 Bào Mịn 5in1 XXL - F,Đầu bào,A0001178,250,10,5.788,5.03,121.56,Xiangrui,100,50,-1,0
Bào Mịn Diamond - Đẩy Khoé,2511 Bào Mịn Diamond - Đẩy Khoé,Đầu bào,A0001179,100,4,0.788,0.68,16.55,Xiangrui,100,50,-1,0
Đèn Hybrid SORAH,2511 Đèn Hybrid SORAH,Đồ điện,A0001183,1625,65,38.486,33.42,808.31,https://x.alibaba.com/1lA1JA4?ck=minisite,100,104,-1,0
Hộp trong đựng nhũ,2511 Hộp trong đựng nhũ,Tools & Accessories,A0001184,50,2,0.145,0.13,3.05,http://detail.m.1688.com/page/index.htm?offerId=907112151894,100,780,-1,0
Gel đắp - 500ml - Clear,2511 Gel đắp - 500ml - Clear,Gel đắp,A0001192,1250,50,24.35,21.14,511.41,XGM,100,10,-1,0
Gel đắp - 500ml - Natural Pink,2511 Gel đắp - 500ml - Natural Pink,Gel đắp,A0001193,1250,50,24.35,21.14,511.41,XGM,100,10,-1,0
Gel đắp - 500ml - Milky Pink,2511 Gel đắp - 500ml - Milky Pink,Gel đắp,A0001194,1250,50,24.35,21.14,511.41,XGM,100,10,-1,0
Gel đắp - 500ml - Milky White,2511 Gel đắp - 500ml - Milky White,Gel đắp,A0001195,1250,50,24.35,21.14,511.41,XGM,100,10,-1,0
Gel đắp - 500ml - Makeup 1,2511 Gel đắp - 500ml - Makeup 1,Gel đắp,A0001196,1250,50,24.35,21.14,511.41,XGM,100,10,-1,0
Gel đắp - 500ml - Makeup 2,2511 Gel đắp - 500ml - Makeup 2,Gel đắp,A0001197,1250,50,24.35,21.14,511.41,XGM,100,10,-1,0
Gel đắp - 500ml - Makeup 3,2511 Gel đắp - 500ml - Makeup 3,Gel đắp,A0001198,1250,50,24.35,21.14,511.41,XGM,100,10,-1,0
Gel đắp - 50ml - Clear,2511 Gel đắp - 50ml - Clear,Gel đắp,A0001199,350,14,5.85,5.08,122.87,XGM,100,60,-5,0
Gel đắp - 50ml - Natural Pink,2511 Gel đắp - 50ml - Natural Pink,Gel đắp,A0001200,350,14,5.85,5.08,122.87,XGM,100,60,-1,0
Gel đắp - 50ml - Milky Pink,2511 Gel đắp - 50ml - Milky Pink,Gel đắp,A0001201,350,14,5.85,5.08,122.87,XGM,100,60,-4,0
Gel đắp - 50ml - Milky White,2511 Gel đắp - 50ml - Milky White,Gel đắp,A0001202,350,14,5.85,5.08,122.87,XGM,100,60,-1,0
Gel đắp - 50ml - Makeup ⌗1,2511 Gel đắp - 50ml - Makeup 1,Gel đắp,A0001203,350,14,5.85,5.08,122.87,XGM,100,60,-1,0
Gel đắp - 50ml - Makeup ⌗2,2511 Gel đắp - 50ml - Makeup 2,Gel đắp,A0001204,350,14,5.85,5.08,122.87,XGM,100,60,-1,0
Gel đắp - 50ml - Makeup ⌗3,2511 Gel đắp - 50ml - Makeup 3,Gel đắp,A0001205,350,14,5.85,5.08,122.87,XGM,100,60,-1,0
CND Shellac Base Coat,2511 CND Shellac Base Coat,Top Coat,A0001212,500,20,16.677,14.48,350.26,EBD,100,100,-1,0
Cồn xanh 80 độ 5L,2511 Cồn xanh 80 độ 5L,Hoá chất,A0001213,550,22,24.22,21.03,508.68,DEP,100,100,-1,0
Thùng 5in1 pedi kit tím (200c),2511 5in1 pedi kit tím,Pedicure,A0001217,1500,60,28.518,24.76,598.95,https://x.alibaba.com/1lA1JUO?ck=minisite,100,120,-1,0
Oil vị dứa 500ml,2511 Oil vị dứa 500ml,Hoá chất,A0001220,250,10,6.176,5.36,129.41,Noval,100,120,-1,0
Hộp Cuticle oil 48c,2511 Hộp Cuticle oil 48c,Noel,A0001224,875,35,28.82,25.02,603.91,Noval,100,216,-2,0
Cuticle oil Noel,2511 Cuticle oil Noel,Noel,A0001225,20,0.76,0.343,0.30,7.19,Noval,100,12000,-200,0
Kem Hộp Đỏ 50ml,2511 Kem Hộp Đỏ 50ml,Noel,A0001226,50,2,1.304,1.13,27.32,Noval,100,5000,-100,0
Hộp kem mango vera 72c,2511 Hộp kem mango vera 72c,Noel,A0001227,975,39,16.812,14.59,352.29,Noval,100,180,-3,0
Dầu Massage - Aloe Vera 3.8L,2512 Dầu Massage - Aloe Vera 3.8L,Pedicure,A0001229,875,35,13.69,11.76,284.73,Noval,100,60,-1,0
Bột Ombre Nude I,2512 Bột Ombre Nude I,Bột,A0001232,840,35,20.478,17.59,425.91,Keystone,100,85,-1,0
Bột - Ombre Pink II,2512 Bột - Ombre Pink II,Bột,A0001238,840,35,21.393,18.38,444.94,Keystone,100,153,-1,0